mean_fit_time,std_fit_time,mean_score_time,std_score_time,param_algorithm,param_leaf_size,param_metric,param_n_neighbors,param_p,param_weights,params,split0_test_score,split1_test_score,split2_test_score,split3_test_score,split4_test_score,mean_test_score,std_test_score,rank_test_score,split0_train_score,split1_train_score,split2_train_score,split3_train_score,split4_train_score,mean_train_score,std_train_score
0.001382589340209961,0.0001993954316192726,0.0026178836822509767,0.0005990649163677854,auto,10,euclidean,3,1,uniform,"{'algorithm': 'auto', 'leaf_size': 10, 'metric': 'euclidean', 'n_neighbors': 3, 'p': 1, 'weights': 'uniform'}",-0.21427253949650613,-0.23064326211155303,-0.22111099030521686,-0.22069323097831664,-0.2307936739898092,-0.22350273937628037,0.006371109532090076,154,-0.11126374883275685,-0.11313230343293816,-0.1122269959272432,-0.11211650110690276,-0.11105049062459621,-0.11195800798488742,0.0007459259898567208
0.002011394500732422,0.0012002321719173726,0.0028666019439697265,0.000473012501088775,auto,10,euclidean,3,1,distance,"{'algorithm': 'auto', 'leaf_size': 10, 'metric': 'euclidean', 'n_neighbors': 3, 'p': 1, 'weights': 'distance'}",-0.22509423814143217,-0.23839672685730895,-0.23169849590967484,-0.227335271304667,-0.2379809429893907,-0.23210113504049473,0.00540701021659986,172,-0.0007431414560306503,-0.0,-0.0009912494792199864,-0.0008830226112990477,-0.0003563348911102748,-0.0005947496875319918,0.0003668520918070933
0.0016307830810546875,0.0004253438769659583,0.002840614318847656,0.00117876240910729,auto,10,euclidean,3,2,uniform,"{'algorithm': 'auto', 'leaf_size': 10, 'metric': 'euclidean', 'n_neighbors': 3, 'p': 2, 'weights': 'uniform'}",-0.21427253949650613,-0.23064326211155303,-0.22111099030521686,-0.22069323097831664,-0.2307936739898092,-0.22350273937628037,0.006371109532090076,154,-0.11126374883275685,-0.11313230343293816,-0.1122269959272432,-0.11211650110690276,-0.11105049062459621,-0.11195800798488742,0.0007459259898567208
0.0024997711181640623,0.0007333713700035274,0.004067468643188477,0.002206666789963495,auto,10,euclidean,3,2,distance,"{'algorithm': 'auto', 'leaf_size': 10, 'metric': 'euclidean', 'n_neighbors': 3, 'p': 2, 'weights': 'distance'}",-0.22509423814143217,-0.23839672685730895,-0.23169849590967484,-0.227335271304667,-0.2379809429893907,-0.23210113504049473,0.00540701021659986,172,-0.0007431414560306503,-0.0,-0.0009912494792199864,-0.0008830226112990477,-0.0003563348911102748,-0.0005947496875319918,0.0003668520918070933
0.0021162033081054688,0.0006584656386164434,0.007899665832519531,0.0034790245410292603,auto,10,euclidean,7,1,uniform,"{'algorithm': 'auto', 'leaf_size': 10, 'metric': 'euclidean', 'n_neighbors': 7, 'p': 1, 'weights': 'uniform'}",-0.19261300640117673,-0.184628383838753,-0.20004828155668844,-0.1960452639546898,-0.18670306259758346,-0.19200759966977826,0.00572560486281932,115,-0.1399502743809789,-0.14722444788429956,-0.13905490357261735,-0.1434709598866107,-0.14340341696261058,-0.14262080053742343,0.0029112251509716826
0.003311014175415039,0.0020234849834133615,0.006329107284545899,0.002271960510414909,auto,10,euclidean,7,1,distance,"{'algorithm': 'auto', 'leaf_size': 10, 'metric': 'euclidean', 'n_neighbors': 7, 'p': 1, 'weights': 'distance'}",-0.1983830623994608,-0.1947463624961926,-0.20677311099401552,-0.2015327265620557,-0.19759953576794057,-0.19980695964393302,0.004099155598675868,142,-0.0007431414560306503,-0.0,-0.0009912494792199864,-0.0008830226112990477,-0.0003563348911102748,-0.0005947496875319918,0.0003668520918070933
0.002545166015625,0.0005274017159530273,0.00579538345336914,0.0017448781770451553,auto,10,euclidean,7,2,uniform,"{'algorithm': 'auto', 'leaf_size': 10, 'metric': 'euclidean', 'n_neighbors': 7, 'p': 2, 'weights': 'uniform'}",-0.19261300640117673,-0.184628383838753,-0.20004828155668844,-0.1960452639546898,-0.18670306259758346,-0.19200759966977826,0.00572560486281932,115,-0.1399502743809789,-0.14722444788429956,-0.13905490357261735,-0.1434709598866107,-0.14340341696261058,-0.14262080053742343,0.0029112251509716826
0.010378074645996094,0.013759481563705425,0.008302116394042968,0.0034630949670840148,auto,10,euclidean,7,2,distance,"{'algorithm': 'auto', 'leaf_size': 10, 'metric': 'euclidean', 'n_neighbors': 7, 'p': 2, 'weights': 'distance'}",-0.1983830623994608,-0.1947463624961926,-0.20677311099401552,-0.2015327265620557,-0.19759953576794057,-0.19980695964393302,0.004099155598675868,142,-0.0007431414560306503,-0.0,-0.0009912494792199864,-0.0008830226112990477,-0.0003563348911102748,-0.0005947496875319918,0.0003668520918070933
0.002052974700927734,0.000794228341647547,0.013395023345947266,0.00857859661148823,auto,10,euclidean,9,1,uniform,"{'algorithm': 'auto', 'leaf_size': 10, 'metric': 'euclidean', 'n_neighbors': 9, 'p': 1, 'weights': 'uniform'}",-0.1923626293456545,-0.17889724008983757,-0.19256410354807957,-0.18901143358760522,-0.1731018130374732,-0.18518744392173,0.007824965535932931,82,-0.1451421427906894,-0.14993433816844473,-0.14469274434726584,-0.14900189361267627,-0.1505998822196468,-0.1478742002277446,0.0024710727381002853
0.0034319400787353516,0.001850045736924371,0.008931732177734375,0.003710597116623865,auto,10,euclidean,9,1,distance,"{'algorithm': 'auto', 'leaf_size': 10, 'metric': 'euclidean', 'n_neighbors': 9, 'p': 1, 'weights': 'distance'}",-0.19633686558083233,-0.19051722860402281,-0.1988314464728898,-0.19454265365442616,-0.1865393737612198,-0.19335351361467817,0.00435428997636401,118,-0.0007431414560306503,-0.0,-0.0009912494792199864,-0.0008830226112990477,-0.0003563348911102748,-0.0005947496875319918,0.0003668520918070933
0.001955747604370117,0.0006529369878574307,0.008100223541259766,0.006914923290273905,auto,10,euclidean,9,2,uniform,"{'algorithm': 'auto', 'leaf_size': 10, 'metric': 'euclidean', 'n_neighbors': 9, 'p': 2, 'weights': 'uniform'}",-0.1923626293456545,-0.17889724008983757,-0.19256410354807957,-0.18901143358760522,-0.1731018130374732,-0.18518744392173,0.007824965535932931,82,-0.1451421427906894,-0.14993433816844473,-0.14469274434726584,-0.14900189361267627,-0.1505998822196468,-0.1478742002277446,0.0024710727381002853
0.0023476123809814454,0.0022275543901680806,0.00395660400390625,0.0007176987316584015,auto,10,euclidean,9,2,distance,"{'algorithm': 'auto', 'leaf_size': 10, 'metric': 'euclidean', 'n_neighbors': 9, 'p': 2, 'weights': 'distance'}",-0.19633686558083233,-0.19051722860402281,-0.1988314464728898,-0.19454265365442616,-0.1865393737612198,-0.19335351361467817,0.00435428997636401,118,-0.0007431414560306503,-0.0,-0.0009912494792199864,-0.0008830226112990477,-0.0003563348911102748,-0.0005947496875319918,0.0003668520918070933
0.00222630500793457,0.0016175523172538176,0.004943752288818359,0.0014979588882791063,auto,10,euclidean,15,1,uniform,"{'algorithm': 'auto', 'leaf_size': 10, 'metric': 'euclidean', 'n_neighbors': 15, 'p': 1, 'weights': 'uniform'}",-0.18531856643465777,-0.17557781148061097,-0.19472075739025418,-0.18219642110288226,-0.16070353400598714,-0.17970341808287846,0.0113250312115691,40,-0.15379455956771107,-0.15746830631482045,-0.15341711052650062,-0.1560971594403848,-0.16279871162207338,-0.15671516949429806,0.003387205090216094
0.0017918586730957032,0.0006919474450325254,0.005642223358154297,0.0020633226529622826,auto,10,euclidean,15,1,distance,"{'algorithm': 'auto', 'leaf_size': 10, 'metric': 'euclidean', 'n_neighbors': 15, 'p': 1, 'weights': 'distance'}",-0.1892371963406177,-0.18431757859649964,-0.19705625782052708,-0.18571827008036454,-0.1736289544449646,-0.18599165145659471,0.007598323634883222,94,-0.0007431414560306503,-0.0,-0.0009912494792199864,-0.0008830226112990477,-0.0003563348911102748,-0.0005947496875319918,0.0003668520918070933
0.0018508434295654297,0.0005661348438215804,0.004816198348999023,0.0008841565017506999,auto,10,euclidean,15,2,uniform,"{'algorithm': 'auto', 'leaf_size': 10, 'metric': 'euclidean', 'n_neighbors': 15, 'p': 2, 'weights': 'uniform'}",-0.18531856643465777,-0.17557781148061097,-0.19472075739025418,-0.18219642110288226,-0.16070353400598714,-0.17970341808287846,0.0113250312115691,40,-0.15379455956771107,-0.15746830631482045,-0.15341711052650062,-0.1560971594403848,-0.16279871162207338,-0.15671516949429806,0.003387205090216094
0.001693582534790039,0.0005624352111616115,0.007166051864624023,0.0012996146718630306,auto,10,euclidean,15,2,distance,"{'algorithm': 'auto', 'leaf_size': 10, 'metric': 'euclidean', 'n_neighbors': 15, 'p': 2, 'weights': 'distance'}",-0.1892371963406177,-0.18431757859649964,-0.19705625782052708,-0.18571827008036454,-0.1736289544449646,-0.18599165145659471,0.007598323634883222,94,-0.0007431414560306503,-0.0,-0.0009912494792199864,-0.0008830226112990477,-0.0003563348911102748,-0.0005947496875319918,0.0003668520918070933
0.0019258022308349609,0.0005401039286875919,0.009221792221069336,0.0022501501039374474,auto,10,euclidean,25,1,uniform,"{'algorithm': 'auto', 'leaf_size': 10, 'metric': 'euclidean', 'n_neighbors': 25, 'p': 1, 'weights': 'uniform'}",-0.18549526367365524,-0.17878148486070022,-0.19039599673942026,-0.18499458595957102,-0.15787824137359888,-0.1795091145213891,0.011426921729498943,31,-0.1624793122615702,-0.16591085453446056,-0.1622127101964198,-0.16325348325862124,-0.17062409060103775,-0.1648960901704219,0.003148943843892506
0.0027033805847167967,0.0014486950916154054,0.008173418045043946,0.002809304323746868,auto,10,euclidean,25,1,distance,"{'algorithm': 'auto', 'leaf_size': 10, 'metric': 'euclidean', 'n_neighbors': 25, 'p': 1, 'weights': 'distance'}",-0.18731793218909837,-0.18445370565681604,-0.19273723256517475,-0.18529545799735694,-0.16656074082551578,-0.18327301384679234,0.008839877639146395,67,-0.0007431414560306503,-0.0,-0.0009912494792199864,-0.0008830226112990477,-0.0003563348911102748,-0.0005947496875319918,0.0003668520918070933
0.003158760070800781,0.0020793871001699767,0.007911157608032227,0.0024025189843311246,auto,10,euclidean,25,2,uniform,"{'algorithm': 'auto', 'leaf_size': 10, 'metric': 'euclidean', 'n_neighbors': 25, 'p': 2, 'weights': 'uniform'}",-0.18549526367365524,-0.17878148486070022,-0.19039599673942026,-0.18499458595957102,-0.15787824137359888,-0.1795091145213891,0.011426921729498943,31,-0.1624793122615702,-0.16591085453446056,-0.1622127101964198,-0.16325348325862124,-0.17062409060103775,-0.1648960901704219,0.003148943843892506
0.0020864009857177734,0.00048213832485179446,0.0073525428771972655,0.0021369295189849606,auto,10,euclidean,25,2,distance,"{'algorithm': 'auto', 'leaf_size': 10, 'metric': 'euclidean', 'n_neighbors': 25, 'p': 2, 'weights': 'distance'}",-0.18731793218909837,-0.18445370565681604,-0.19273723256517475,-0.18529545799735694,-0.16656074082551578,-0.18327301384679234,0.008839877639146395,67,-0.0007431414560306503,-0.0,-0.0009912494792199864,-0.0008830226112990477,-0.0003563348911102748,-0.0005947496875319918,0.0003668520918070933
0.0017165660858154297,0.000531981541433794,0.005216836929321289,0.0015045750912614458,auto,10,manhattan,3,1,uniform,"{'algorithm': 'auto', 'leaf_size': 10, 'metric': 'manhattan', 'n_neighbors': 3, 'p': 1, 'weights': 'uniform'}",-0.20966673818517514,-0.22240972267242173,-0.23383781616082724,-0.22261441793164655,-0.2259911323001413,-0.22290396545004237,0.00780553636691886,145,-0.10955257079937795,-0.1128793491115082,-0.11023008876361437,-0.11331618750251261,-0.10837683370779998,-0.11087100597696262,0.0019174095201122824
0.0014889240264892578,0.0002848921853917006,0.0037181854248046877,0.0014995916866566575,auto,10,manhattan,3,1,distance,"{'algorithm': 'auto', 'leaf_size': 10, 'metric': 'manhattan', 'n_neighbors': 3, 'p': 1, 'weights': 'distance'}",-0.22092880393672365,-0.2311512560933367,-0.23977085718409719,-0.2257134897288277,-0.23730886027768083,-0.23097465344413326,0.007016060160882194,163,-0.0007431414560306503,-0.0,-0.0009912494792199864,-0.0008830226112990477,-0.0003563348911102748,-0.0005947496875319918,0.0003668520918070933
0.0017348766326904298,0.0005471126072679488,0.003744173049926758,0.0009303012473121431,auto,10,manhattan,3,2,uniform,"{'algorithm': 'auto', 'leaf_size': 10, 'metric': 'manhattan', 'n_neighbors': 3, 'p': 2, 'weights': 'uniform'}",-0.20966673818517514,-0.22240972267242173,-0.23383781616082724,-0.22261441793164655,-0.2259911323001413,-0.22290396545004237,0.00780553636691886,145,-0.10955257079937795,-0.1128793491115082,-0.11023008876361437,-0.11331618750251261,-0.10837683370779998,-0.11087100597696262,0.0019174095201122824
0.0017879486083984375,0.0005829359787805119,0.006274127960205078,0.0015291863195482783,auto,10,manhattan,3,2,distance,"{'algorithm': 'auto', 'leaf_size': 10, 'metric': 'manhattan', 'n_neighbors': 3, 'p': 2, 'weights': 'distance'}",-0.22092880393672365,-0.2311512560933367,-0.23977085718409719,-0.2257134897288277,-0.23730886027768083,-0.23097465344413326,0.007016060160882194,163,-0.0007431414560306503,-0.0,-0.0009912494792199864,-0.0008830226112990477,-0.0003563348911102748,-0.0005947496875319918,0.0003668520918070933
0.0018694877624511718,0.0006873517146657794,0.006331205368041992,0.0027907920139868367,auto,10,manhattan,7,1,uniform,"{'algorithm': 'auto', 'leaf_size': 10, 'metric': 'manhattan', 'n_neighbors': 7, 'p': 1, 'weights': 'uniform'}",-0.18865736057140098,-0.17693344846532602,-0.19306478209806316,-0.18916996065142336,-0.1714854804593065,-0.183862206449104,0.008210288542163819,79,-0.1361715148526481,-0.14027720496549384,-0.1355488823879643,-0.14012739998812293,-0.14112553397021388,-0.13865010723288862,0.0023116485102257106
0.002888059616088867,0.0016016476883089555,0.0051405906677246095,0.0021431973242166972,auto,10,manhattan,7,1,distance,"{'algorithm': 'auto', 'leaf_size': 10, 'metric': 'manhattan', 'n_neighbors': 7, 'p': 1, 'weights': 'distance'}",-0.19757981241136477,-0.1905693754761457,-0.20084205824350096,-0.19544438164744796,-0.18934260912346812,-0.19475564738038548,0.004296987685217653,133,-0.0007431414560306503,-0.0,-0.0009912494792199864,-0.0008830226112990477,-0.0003563348911102748,-0.0005947496875319918,0.0003668520918070933
0.002231884002685547,0.0005797663448434264,0.007094383239746094,0.0027664898731915312,auto,10,manhattan,7,2,uniform,"{'algorithm': 'auto', 'leaf_size': 10, 'metric': 'manhattan', 'n_neighbors': 7, 'p': 2, 'weights': 'uniform'}",-0.18865736057140098,-0.17693344846532602,-0.19306478209806316,-0.18916996065142336,-0.1714854804593065,-0.183862206449104,0.008210288542163819,79,-0.1361715148526481,-0.14027720496549384,-0.1355488823879643,-0.14012739998812293,-0.14112553397021388,-0.13865010723288862,0.0023116485102257106
0.0018056869506835938,0.0005360991252360957,0.004510116577148437,0.0009113180406876378,auto,10,manhattan,7,2,distance,"{'algorithm': 'auto', 'leaf_size': 10, 'metric': 'manhattan', 'n_neighbors': 7, 'p': 2, 'weights': 'distance'}",-0.19757981241136477,-0.1905693754761457,-0.20084205824350096,-0.19544438164744796,-0.18934260912346812,-0.19475564738038548,0.004296987685217653,133,-0.0007431414560306503,-0.0,-0.0009912494792199864,-0.0008830226112990477,-0.0003563348911102748,-0.0005947496875319918,0.0003668520918070933
0.0022590160369873047,0.0004890718383456782,0.007323408126831054,0.0019769425305545675,auto,10,manhattan,9,1,uniform,"{'algorithm': 'auto', 'leaf_size': 10, 'metric': 'manhattan', 'n_neighbors': 9, 'p': 1, 'weights': 'uniform'}",-0.1852693293905803,-0.17710545177089745,-0.19246398179535504,-0.18611628867945385,-0.16799572621826123,-0.18179015557090955,0.008449655321597907,52,-0.13932522489209156,-0.14592748406246414,-0.13875322667876208,-0.14328949701385704,-0.14613683151729812,-0.1426864528328946,0.0031477350597091534
0.0020810604095458985,0.0010586348574469471,0.005620384216308593,0.0010622713889804375,auto,10,manhattan,9,1,distance,"{'algorithm': 'auto', 'leaf_size': 10, 'metric': 'manhattan', 'n_neighbors': 9, 'p': 1, 'weights': 'distance'}",-0.19279506454194692,-0.18827407248858427,-0.19848843734670663,-0.19195306256473374,-0.18443211937351378,-0.19118855126309708,0.004703132098608143,106,-0.0007431414560306503,-0.0,-0.0009912494792199864,-0.0008830226112990477,-0.0003563348911102748,-0.0005947496875319918,0.0003668520918070933
0.0014240741729736328,0.00034683818545678624,0.005561637878417969,0.0016395851807795275,auto,10,manhattan,9,2,uniform,"{'algorithm': 'auto', 'leaf_size': 10, 'metric': 'manhattan', 'n_neighbors': 9, 'p': 2, 'weights': 'uniform'}",-0.1852693293905803,-0.17710545177089745,-0.19246398179535504,-0.18611628867945385,-0.16799572621826123,-0.18179015557090955,0.008449655321597907,52,-0.13932522489209156,-0.14592748406246414,-0.13875322667876208,-0.14328949701385704,-0.14613683151729812,-0.1426864528328946,0.0031477350597091534
0.001478290557861328,0.0004289402061097115,0.004635047912597656,0.0006448304944853329,auto,10,manhattan,9,2,distance,"{'algorithm': 'auto', 'leaf_size': 10, 'metric': 'manhattan', 'n_neighbors': 9, 'p': 2, 'weights': 'distance'}",-0.19279506454194692,-0.18827407248858427,-0.19848843734670663,-0.19195306256473374,-0.18443211937351378,-0.19118855126309708,0.004703132098608143,106,-0.0007431414560306503,-0.0,-0.0009912494792199864,-0.0008830226112990477,-0.0003563348911102748,-0.0005947496875319918,0.0003668520918070933
0.0022017955780029297,0.0008057200302205672,0.007749223709106445,0.0023274450931245446,auto,10,manhattan,15,1,uniform,"{'algorithm': 'auto', 'leaf_size': 10, 'metric': 'manhattan', 'n_neighbors': 15, 'p': 1, 'weights': 'uniform'}",-0.17932283719970168,-0.16572867325005258,-0.1822144421486591,-0.1801406673147674,-0.1600124747408864,-0.17348381893081344,0.008902257526455317,16,-0.14792639250294604,-0.15235473581341472,-0.14726855371035819,-0.1499952025244848,-0.1545301781985056,-0.15041501254994188,0.002719072933150368
0.001931142807006836,0.0005590377183858534,0.00877552032470703,0.0028260510355755395,auto,10,manhattan,15,1,distance,"{'algorithm': 'auto', 'leaf_size': 10, 'metric': 'manhattan', 'n_neighbors': 15, 'p': 1, 'weights': 'distance'}",-0.18588654732166654,-0.17716155393242558,-0.18874529499349543,-0.18402491591281367,-0.17348471668535462,-0.18186060576915117,0.005666180293748668,61,-0.0007431414560306503,-0.0,-0.0009912494792199864,-0.0008830226112990477,-0.0003563348911102748,-0.0005947496875319918,0.0003668520918070933
0.0021776199340820313,0.0005130759535219102,0.007970523834228516,0.0021544196384489906,auto,10,manhattan,15,2,uniform,"{'algorithm': 'auto', 'leaf_size': 10, 'metric': 'manhattan', 'n_neighbors': 15, 'p': 2, 'weights': 'uniform'}",-0.17932283719970168,-0.16572867325005258,-0.1822144421486591,-0.1801406673147674,-0.1600124747408864,-0.17348381893081344,0.008902257526455317,16,-0.14792639250294604,-0.15235473581341472,-0.14726855371035819,-0.1499952025244848,-0.1545301781985056,-0.15041501254994188,0.002719072933150368
0.0014738082885742188,0.000481244972022594,0.007046651840209961,0.0018435487768896839,auto,10,manhattan,15,2,distance,"{'algorithm': 'auto', 'leaf_size': 10, 'metric': 'manhattan', 'n_neighbors': 15, 'p': 2, 'weights': 'distance'}",-0.18588654732166654,-0.17716155393242558,-0.18874529499349543,-0.18402491591281367,-0.17348471668535462,-0.18186060576915117,0.005666180293748668,61,-0.0007431414560306503,-0.0,-0.0009912494792199864,-0.0008830226112990477,-0.0003563348911102748,-0.0005947496875319918,0.0003668520918070933
0.0016923904418945312,0.0005657437995217627,0.009736871719360352,0.0031676756784933605,auto,10,manhattan,25,1,uniform,"{'algorithm': 'auto', 'leaf_size': 10, 'metric': 'manhattan', 'n_neighbors': 25, 'p': 1, 'weights': 'uniform'}",-0.17437448146949913,-0.1702438979428855,-0.1817980577112672,-0.17818176256895482,-0.15260632084629383,-0.1714409041077801,0.010173396975343698,4,-0.15265239100911396,-0.15713034429552392,-0.15386308366004675,-0.15492482035736474,-0.16115265837998027,-0.15594465954040593,0.002991359638646665
0.0015240192413330078,0.00048060278320339,0.008737897872924805,0.002293369817290888,auto,10,manhattan,25,1,distance,"{'algorithm': 'auto', 'leaf_size': 10, 'metric': 'manhattan', 'n_neighbors': 25, 'p': 1, 'weights': 'distance'}",-0.1803047326892375,-0.17645789994449868,-0.1847820223123341,-0.18039428779789102,-0.1632534413171807,-0.1770384768122284,0.007379114646580109,22,-0.0007431414560306503,-0.0,-0.0009912494792199864,-0.0008830226112990477,-0.0003563348911102748,-0.0005947496875319918,0.0003668520918070933
0.0014960289001464844,0.0004688366240099748,0.0082550048828125,0.0013360719521738644,auto,10,manhattan,25,2,uniform,"{'algorithm': 'auto', 'leaf_size': 10, 'metric': 'manhattan', 'n_neighbors': 25, 'p': 2, 'weights': 'uniform'}",-0.17437448146949913,-0.1702438979428855,-0.1817980577112672,-0.17818176256895482,-0.15260632084629383,-0.1714409041077801,0.010173396975343698,4,-0.15265239100911396,-0.15713034429552392,-0.15386308366004675,-0.15492482035736474,-0.16115265837998027,-0.15594465954040593,0.002991359638646665
0.001958799362182617,0.000543909951670941,0.011780595779418946,0.003945998915898374,auto,10,manhattan,25,2,distance,"{'algorithm': 'auto', 'leaf_size': 10, 'metric': 'manhattan', 'n_neighbors': 25, 'p': 2, 'weights': 'distance'}",-0.1803047326892375,-0.17645789994449868,-0.1847820223123341,-0.18039428779789102,-0.1632534413171807,-0.1770384768122284,0.007379114646580109,22,-0.0007431414560306503,-0.0,-0.0009912494792199864,-0.0008830226112990477,-0.0003563348911102748,-0.0005947496875319918,0.0003668520918070933
0.0016365528106689453,0.0005489215781274446,0.005454111099243164,0.000562219954692724,auto,10,minkowski,3,1,uniform,"{'algorithm': 'auto', 'leaf_size': 10, 'metric': 'minkowski', 'n_neighbors': 3, 'p': 1, 'weights': 'uniform'}",-0.20966673818517514,-0.22240972267242173,-0.23383781616082724,-0.22261441793164655,-0.2259911323001413,-0.22290396545004237,0.00780553636691886,145,-0.10955257079937795,-0.1128793491115082,-0.11023008876361437,-0.11331618750251261,-0.10837683370779998,-0.11087100597696262,0.0019174095201122824
0.0018127918243408202,0.0008107731568196172,0.004357433319091797,0.0013845286645640666,auto,10,minkowski,3,1,distance,"{'algorithm': 'auto', 'leaf_size': 10, 'metric': 'minkowski', 'n_neighbors': 3, 'p': 1, 'weights': 'distance'}",-0.22092880393672365,-0.2311512560933367,-0.23977085718409719,-0.2257134897288277,-0.23730886027768083,-0.23097465344413326,0.007016060160882194,163,-0.0007431414560306503,-0.0,-0.0009912494792199864,-0.0008830226112990477,-0.0003563348911102748,-0.0005947496875319918,0.0003668520918070933
0.00226898193359375,0.0009379624396237547,0.0042988300323486325,0.0016411689886281495,auto,10,minkowski,3,2,uniform,"{'algorithm': 'auto', 'leaf_size': 10, 'metric': 'minkowski', 'n_neighbors': 3, 'p': 2, 'weights': 'uniform'}",-0.21427253949650613,-0.23064326211155303,-0.22111099030521686,-0.22069323097831664,-0.2307936739898092,-0.22350273937628037,0.006371109532090076,154,-0.11126374883275685,-0.11313230343293816,-0.1122269959272432,-0.11211650110690276,-0.11105049062459621,-0.11195800798488742,0.0007459259898567208
0.0016719818115234375,0.0005830907297373413,0.010352516174316406,0.013934944187583417,auto,10,minkowski,3,2,distance,"{'algorithm': 'auto', 'leaf_size': 10, 'metric': 'minkowski', 'n_neighbors': 3, 'p': 2, 'weights': 'distance'}",-0.22509423814143217,-0.23839672685730895,-0.23169849590967484,-0.227335271304667,-0.2379809429893907,-0.23210113504049473,0.00540701021659986,172,-0.0007431414560306503,-0.0,-0.0009912494792199864,-0.0008830226112990477,-0.0003563348911102748,-0.0005947496875319918,0.0003668520918070933
0.0033980369567871093,0.0020313553550593525,0.005763196945190429,0.0021246846378425556,auto,10,minkowski,7,1,uniform,"{'algorithm': 'auto', 'leaf_size': 10, 'metric': 'minkowski', 'n_neighbors': 7, 'p': 1, 'weights': 'uniform'}",-0.18865736057140098,-0.17693344846532602,-0.19306478209806316,-0.18916996065142336,-0.1714854804593065,-0.183862206449104,0.008210288542163819,79,-0.1361715148526481,-0.14027720496549384,-0.1355488823879643,-0.14012739998812293,-0.14112553397021388,-0.13865010723288862,0.0023116485102257106
0.00221867561340332,0.0008366192314198646,0.006179332733154297,0.0019433166067927621,auto,10,minkowski,7,1,distance,"{'algorithm': 'auto', 'leaf_size': 10, 'metric': 'minkowski', 'n_neighbors': 7, 'p': 1, 'weights': 'distance'}",-0.19757981241136477,-0.1905693754761457,-0.20084205824350096,-0.19544438164744796,-0.18934260912346812,-0.19475564738038548,0.004296987685217653,133,-0.0007431414560306503,-0.0,-0.0009912494792199864,-0.0008830226112990477,-0.0003563348911102748,-0.0005947496875319918,0.0003668520918070933
0.0016536235809326172,0.0006287676347374598,0.005440807342529297,0.0019103280198367624,auto,10,minkowski,7,2,uniform,"{'algorithm': 'auto', 'leaf_size': 10, 'metric': 'minkowski', 'n_neighbors': 7, 'p': 2, 'weights': 'uniform'}",-0.19261300640117673,-0.184628383838753,-0.20004828155668844,-0.1960452639546898,-0.18670306259758346,-0.19200759966977826,0.00572560486281932,115,-0.1399502743809789,-0.14722444788429956,-0.13905490357261735,-0.1434709598866107,-0.14340341696261058,-0.14262080053742343,0.0029112251509716826
0.0018706321716308594,0.0008548698883748077,0.00533909797668457,0.0023175486162679776,auto,10,minkowski,7,2,distance,"{'algorithm': 'auto', 'leaf_size': 10, 'metric': 'minkowski', 'n_neighbors': 7, 'p': 2, 'weights': 'distance'}",-0.1983830623994608,-0.1947463624961926,-0.20677311099401552,-0.2015327265620557,-0.19759953576794057,-0.19980695964393302,0.004099155598675868,142,-0.0007431414560306503,-0.0,-0.0009912494792199864,-0.0008830226112990477,-0.0003563348911102748,-0.0005947496875319918,0.0003668520918070933
0.002445030212402344,0.0007019090490335807,0.008408451080322265,0.0012671749305431515,auto,10,minkowski,9,1,uniform,"{'algorithm': 'auto', 'leaf_size': 10, 'metric': 'minkowski', 'n_neighbors': 9, 'p': 1, 'weights': 'uniform'}",-0.1852693293905803,-0.17710545177089745,-0.19246398179535504,-0.18611628867945385,-0.16799572621826123,-0.18179015557090955,0.008449655321597907,52,-0.13932522489209156,-0.14592748406246414,-0.13875322667876208,-0.14328949701385704,-0.14613683151729812,-0.1426864528328946,0.0031477350597091534
0.00176239013671875,0.000625076098536914,0.005006980895996094,0.0010346178281057821,auto,10,minkowski,9,1,distance,"{'algorithm': 'auto', 'leaf_size': 10, 'metric': 'minkowski', 'n_neighbors': 9, 'p': 1, 'weights': 'distance'}",-0.19279506454194692,-0.18827407248858427,-0.19848843734670663,-0.19195306256473374,-0.18443211937351378,-0.19118855126309708,0.004703132098608143,106,-0.0007431414560306503,-0.0,-0.0009912494792199864,-0.0008830226112990477,-0.0003563348911102748,-0.0005947496875319918,0.0003668520918070933
0.0016716480255126952,0.0005623665423163602,0.004883527755737305,0.0015261606686442256,auto,10,minkowski,9,2,uniform,"{'algorithm': 'auto', 'leaf_size': 10, 'metric': 'minkowski', 'n_neighbors': 9, 'p': 2, 'weights': 'uniform'}",-0.1923626293456545,-0.17889724008983757,-0.19256410354807957,-0.18901143358760522,-0.1731018130374732,-0.18518744392173,0.007824965535932931,82,-0.1451421427906894,-0.14993433816844473,-0.14469274434726584,-0.14900189361267627,-0.1505998822196468,-0.1478742002277446,0.0024710727381002853
0.001663541793823242,0.0005833451176615366,0.005201864242553711,0.0014722292038972283,auto,10,minkowski,9,2,distance,"{'algorithm': 'auto', 'leaf_size': 10, 'metric': 'minkowski', 'n_neighbors': 9, 'p': 2, 'weights': 'distance'}",-0.19633686558083233,-0.19051722860402281,-0.1988314464728898,-0.19454265365442616,-0.1865393737612198,-0.19335351361467817,0.00435428997636401,118,-0.0007431414560306503,-0.0,-0.0009912494792199864,-0.0008830226112990477,-0.0003563348911102748,-0.0005947496875319918,0.0003668520918070933
0.0023565769195556642,0.00024218823547333325,0.008299922943115235,0.0024183426898327504,auto,10,minkowski,15,1,uniform,"{'algorithm': 'auto', 'leaf_size': 10, 'metric': 'minkowski', 'n_neighbors': 15, 'p': 1, 'weights': 'uniform'}",-0.17932283719970168,-0.16572867325005258,-0.1822144421486591,-0.1801406673147674,-0.1600124747408864,-0.17348381893081344,0.008902257526455317,16,-0.14792639250294604,-0.15235473581341472,-0.14726855371035819,-0.1499952025244848,-0.1545301781985056,-0.15041501254994188,0.002719072933150368
0.0019599437713623048,0.0005676954662918669,0.011090373992919922,0.003461757745028066,auto,10,minkowski,15,1,distance,"{'algorithm': 'auto', 'leaf_size': 10, 'metric': 'minkowski', 'n_neighbors': 15, 'p': 1, 'weights': 'distance'}",-0.18588654732166654,-0.17716155393242558,-0.18874529499349543,-0.18402491591281367,-0.17348471668535462,-0.18186060576915117,0.005666180293748668,61,-0.0007431414560306503,-0.0,-0.0009912494792199864,-0.0008830226112990477,-0.0003563348911102748,-0.0005947496875319918,0.0003668520918070933
0.0015129566192626954,0.00048719195682919546,0.008662605285644531,0.004899996467084955,auto,10,minkowski,15,2,uniform,"{'algorithm': 'auto', 'leaf_size': 10, 'metric': 'minkowski', 'n_neighbors': 15, 'p': 2, 'weights': 'uniform'}",-0.18531856643465777,-0.17557781148061097,-0.19472075739025418,-0.18219642110288226,-0.16070353400598714,-0.17970341808287846,0.0113250312115691,40,-0.15379455956771107,-0.15746830631482045,-0.15341711052650062,-0.1560971594403848,-0.16279871162207338,-0.15671516949429806,0.003387205090216094
0.0017090320587158203,0.0004453597640159301,0.011909294128417968,0.005410685726649632,auto,10,minkowski,15,2,distance,"{'algorithm': 'auto', 'leaf_size': 10, 'metric': 'minkowski', 'n_neighbors': 15, 'p': 2, 'weights': 'distance'}",-0.1892371963406177,-0.18431757859649964,-0.19705625782052708,-0.18571827008036454,-0.1736289544449646,-0.18599165145659471,0.007598323634883222,94,-0.0007431414560306503,-0.0,-0.0009912494792199864,-0.0008830226112990477,-0.0003563348911102748,-0.0005947496875319918,0.0003668520918070933
0.0019716739654541014,0.0006023477005204261,0.0159055233001709,0.006408868877686891,auto,10,minkowski,25,1,uniform,"{'algorithm': 'auto', 'leaf_size': 10, 'metric': 'minkowski', 'n_neighbors': 25, 'p': 1, 'weights': 'uniform'}",-0.17437448146949913,-0.1702438979428855,-0.1817980577112672,-0.17818176256895482,-0.15260632084629383,-0.1714409041077801,0.010173396975343698,4,-0.15265239100911396,-0.15713034429552392,-0.15386308366004675,-0.15492482035736474,-0.16115265837998027,-0.15594465954040593,0.002991359638646665
0.0017798423767089843,0.0005329824677736792,0.011040163040161134,0.0022851870380433087,auto,10,minkowski,25,1,distance,"{'algorithm': 'auto', 'leaf_size': 10, 'metric': 'minkowski', 'n_neighbors': 25, 'p': 1, 'weights': 'distance'}",-0.1803047326892375,-0.17645789994449868,-0.1847820223123341,-0.18039428779789102,-0.1632534413171807,-0.1770384768122284,0.007379114646580109,22,-0.0007431414560306503,-0.0,-0.0009912494792199864,-0.0008830226112990477,-0.0003563348911102748,-0.0005947496875319918,0.0003668520918070933
0.0030148983001708984,0.0021607689681477815,0.012330293655395508,0.005198457253698282,auto,10,minkowski,25,2,uniform,"{'algorithm': 'auto', 'leaf_size': 10, 'metric': 'minkowski', 'n_neighbors': 25, 'p': 2, 'weights': 'uniform'}",-0.18549526367365524,-0.17878148486070022,-0.19039599673942026,-0.18499458595957102,-0.15787824137359888,-0.1795091145213891,0.011426921729498943,31,-0.1624793122615702,-0.16591085453446056,-0.1622127101964198,-0.16325348325862124,-0.17062409060103775,-0.1648960901704219,0.003148943843892506
0.0016221046447753907,0.0004700808040038102,0.006953716278076172,0.00126516080693501,auto,10,minkowski,25,2,distance,"{'algorithm': 'auto', 'leaf_size': 10, 'metric': 'minkowski', 'n_neighbors': 25, 'p': 2, 'weights': 'distance'}",-0.18731793218909837,-0.18445370565681604,-0.19273723256517475,-0.18529545799735694,-0.16656074082551578,-0.18327301384679234,0.008839877639146395,67,-0.0007431414560306503,-0.0,-0.0009912494792199864,-0.0008830226112990477,-0.0003563348911102748,-0.0005947496875319918,0.0003668520918070933
0.003729391098022461,0.0016333983209154703,0.006316328048706054,0.0016576373850899604,auto,30,euclidean,3,1,uniform,"{'algorithm': 'auto', 'leaf_size': 30, 'metric': 'euclidean', 'n_neighbors': 3, 'p': 1, 'weights': 'uniform'}",-0.2145032906669422,-0.23064326211155303,-0.22111099030521686,-0.22069323097831664,-0.2307936739898092,-0.2235488896103676,0.006304570110330083,157,-0.1112495349700072,-0.11314534731977638,-0.11226054911347343,-0.11246032886702545,-0.11105049062459621,-0.11203325017897572,0.0007811333986560634
0.0019928455352783204,0.0012586832441667717,0.002878761291503906,0.001363003419034591,auto,30,euclidean,3,1,distance,"{'algorithm': 'auto', 'leaf_size': 30, 'metric': 'euclidean', 'n_neighbors': 3, 'p': 1, 'weights': 'distance'}",-0.22525484879311056,-0.23839672685730895,-0.23169849590967484,-0.227335271304667,-0.2379809429893907,-0.23213325717083041,0.005365606573031962,175,-0.0007431414560306503,-0.0,-0.0009912494792199864,-0.0008830226112990477,-0.0003563348911102748,-0.0005947496875319918,0.0003668520918070933
0.002211761474609375,0.001237385961115127,0.0071754932403564455,0.002995530363223577,auto,30,euclidean,3,2,uniform,"{'algorithm': 'auto', 'leaf_size': 30, 'metric': 'euclidean', 'n_neighbors': 3, 'p': 2, 'weights': 'uniform'}",-0.2145032906669422,-0.23064326211155303,-0.22111099030521686,-0.22069323097831664,-0.2307936739898092,-0.2235488896103676,0.006304570110330083,157,-0.1112495349700072,-0.11314534731977638,-0.11226054911347343,-0.11246032886702545,-0.11105049062459621,-0.11203325017897572,0.0007811333986560634
0.0013872146606445312,0.0004472231175967211,0.0034222126007080076,0.0014381829032396167,auto,30,euclidean,3,2,distance,"{'algorithm': 'auto', 'leaf_size': 30, 'metric': 'euclidean', 'n_neighbors': 3, 'p': 2, 'weights': 'distance'}",-0.22525484879311056,-0.23839672685730895,-0.23169849590967484,-0.227335271304667,-0.2379809429893907,-0.23213325717083041,0.005365606573031962,175,-0.0007431414560306503,-0.0,-0.0009912494792199864,-0.0008830226112990477,-0.0003563348911102748,-0.0005947496875319918,0.0003668520918070933
0.00157012939453125,0.0006307127560996974,0.003835296630859375,0.001259833872635481,auto,30,euclidean,7,1,uniform,"{'algorithm': 'auto', 'leaf_size': 30, 'metric': 'euclidean', 'n_neighbors': 7, 'p': 1, 'weights': 'uniform'}",-0.1925473009700948,-0.184628383838753,-0.20004828155668844,-0.19604835628496087,-0.18670526242455188,-0.19199551701500978,0.00572430665344596,109,-0.1399502743809789,-0.14722444788429956,-0.13905490357261735,-0.1434705432441585,-0.14343915296531842,-0.14262786440947456,0.00291315684036121
0.0013820648193359375,0.0004797586209575102,0.0030965805053710938,0.0012789602487420463,auto,30,euclidean,7,1,distance,"{'algorithm': 'auto', 'leaf_size': 30, 'metric': 'euclidean', 'n_neighbors': 7, 'p': 1, 'weights': 'distance'}",-0.1983310741351926,-0.1947463624961926,-0.20677311099401552,-0.20152888330801508,-0.1976018407129077,-0.1997962543292647,0.004102246792794553,136,-0.0007431414560306503,-0.0,-0.0009912494792199864,-0.0008830226112990477,-0.0003563348911102748,-0.0005947496875319918,0.0003668520918070933
0.0016245365142822266,0.0007024739767998168,0.0043164253234863285,0.0018792793093128652,auto,30,euclidean,7,2,uniform,"{'algorithm': 'auto', 'leaf_size': 30, 'metric': 'euclidean', 'n_neighbors': 7, 'p': 2, 'weights': 'uniform'}",-0.1925473009700948,-0.184628383838753,-0.20004828155668844,-0.19604835628496087,-0.18670526242455188,-0.19199551701500978,0.00572430665344596,109,-0.1399502743809789,-0.14722444788429956,-0.13905490357261735,-0.1434705432441585,-0.14343915296531842,-0.14262786440947456,0.00291315684036121
0.00128326416015625,0.0004450487165218445,0.0034875869750976562,0.0013832540266148973,auto,30,euclidean,7,2,distance,"{'algorithm': 'auto', 'leaf_size': 30, 'metric': 'euclidean', 'n_neighbors': 7, 'p': 2, 'weights': 'distance'}",-0.1983310741351926,-0.1947463624961926,-0.20677311099401552,-0.20152888330801508,-0.1976018407129077,-0.1997962543292647,0.004102246792794553,136,-0.0007431414560306503,-0.0,-0.0009912494792199864,-0.0008830226112990477,-0.0003563348911102748,-0.0005947496875319918,0.0003668520918070933
0.0017275810241699219,0.0005354956229781817,0.0038154125213623047,0.0013452648017372383,auto,30,euclidean,9,1,uniform,"{'algorithm': 'auto', 'leaf_size': 30, 'metric': 'euclidean', 'n_neighbors': 9, 'p': 1, 'weights': 'uniform'}",-0.1923626293456545,-0.17889724008983757,-0.19256410354807957,-0.18906743656054606,-0.1731018130374732,-0.18519864451631818,0.007830469294220384,85,-0.1451421427906894,-0.14993433816844473,-0.14481972362623222,-0.14900189361267627,-0.15062934268271377,-0.1479054881761513,0.0024452296874642324
0.0013247489929199218,0.00045178290298855,0.0034124374389648436,0.0015455502615983002,auto,30,euclidean,9,1,distance,"{'algorithm': 'auto', 'leaf_size': 30, 'metric': 'euclidean', 'n_neighbors': 9, 'p': 1, 'weights': 'distance'}",-0.19633686558083233,-0.19051722860402281,-0.1988314464728898,-0.19458527475929774,-0.1865393737612198,-0.1933620378356525,0.004356650643851697,121,-0.0007431414560306503,-0.0,-0.0009912494792199864,-0.0008830226112990477,-0.0003563348911102748,-0.0005947496875319918,0.0003668520918070933
0.0021165847778320313,0.0013307680009549433,0.003312206268310547,0.0013727368670573734,auto,30,euclidean,9,2,uniform,"{'algorithm': 'auto', 'leaf_size': 30, 'metric': 'euclidean', 'n_neighbors': 9, 'p': 2, 'weights': 'uniform'}",-0.1923626293456545,-0.17889724008983757,-0.19256410354807957,-0.18906743656054606,-0.1731018130374732,-0.18519864451631818,0.007830469294220384,85,-0.1451421427906894,-0.14993433816844473,-0.14481972362623222,-0.14900189361267627,-0.15062934268271377,-0.1479054881761513,0.0024452296874642324
0.001547861099243164,0.000498977663269036,0.004848384857177734,0.001264110510773165,auto,30,euclidean,9,2,distance,"{'algorithm': 'auto', 'leaf_size': 30, 'metric': 'euclidean', 'n_neighbors': 9, 'p': 2, 'weights': 'distance'}",-0.19633686558083233,-0.19051722860402281,-0.1988314464728898,-0.19458527475929774,-0.1865393737612198,-0.1933620378356525,0.004356650643851697,121,-0.0007431414560306503,-0.0,-0.0009912494792199864,-0.0008830226112990477,-0.0003563348911102748,-0.0005947496875319918,0.0003668520918070933
0.002998971939086914,0.001101340696084911,0.00805206298828125,0.0028579729965703756,auto,30,euclidean,15,1,uniform,"{'algorithm': 'auto', 'leaf_size': 30, 'metric': 'euclidean', 'n_neighbors': 15, 'p': 1, 'weights': 'uniform'}",-0.18531856643465777,-0.17557781148061097,-0.19472075739025418,-0.18219642110288226,-0.16070353400598714,-0.17970341808287846,0.0113250312115691,40,-0.15378139038667296,-0.15746830631482045,-0.15336137483615186,-0.15610290287262962,-0.16279871162207338,-0.15670253720646965,0.0034001697279612817
0.0022991180419921877,0.0010037899617599262,0.0073410987854003905,0.001490923345502571,auto,30,euclidean,15,1,distance,"{'algorithm': 'auto', 'leaf_size': 30, 'metric': 'euclidean', 'n_neighbors': 15, 'p': 1, 'weights': 'distance'}",-0.1892371963406177,-0.18431757859649964,-0.19705625782052708,-0.18571827008036454,-0.1736289544449646,-0.18599165145659471,0.007598323634883222,94,-0.0007431414560306503,-0.0,-0.0009912494792199864,-0.0008830226112990477,-0.0003563348911102748,-0.0005947496875319918,0.0003668520918070933
0.001857614517211914,0.0009082369512076846,0.005215597152709961,0.001449799948360111,auto,30,euclidean,15,2,uniform,"{'algorithm': 'auto', 'leaf_size': 30, 'metric': 'euclidean', 'n_neighbors': 15, 'p': 2, 'weights': 'uniform'}",-0.18531856643465777,-0.17557781148061097,-0.19472075739025418,-0.18219642110288226,-0.16070353400598714,-0.17970341808287846,0.0113250312115691,40,-0.15378139038667296,-0.15746830631482045,-0.15336137483615186,-0.15610290287262962,-0.16279871162207338,-0.15670253720646965,0.0034001697279612817
0.0014048576354980468,0.0005381883925181868,0.004025936126708984,0.0016352726042460858,auto,30,euclidean,15,2,distance,"{'algorithm': 'auto', 'leaf_size': 30, 'metric': 'euclidean', 'n_neighbors': 15, 'p': 2, 'weights': 'distance'}",-0.1892371963406177,-0.18431757859649964,-0.19705625782052708,-0.18571827008036454,-0.1736289544449646,-0.18599165145659471,0.007598323634883222,94,-0.0007431414560306503,-0.0,-0.0009912494792199864,-0.0008830226112990477,-0.0003563348911102748,-0.0005947496875319918,0.0003668520918070933
0.0017009735107421874,0.0005114569584849652,0.005189657211303711,0.0015865028876270563,auto,30,euclidean,25,1,uniform,"{'algorithm': 'auto', 'leaf_size': 30, 'metric': 'euclidean', 'n_neighbors': 25, 'p': 1, 'weights': 'uniform'}",-0.18549526367365524,-0.17878148486070022,-0.19041118907126275,-0.1849999965193869,-0.15789878918375508,-0.17951734466175204,0.011422558940321252,34,-0.16248667623390142,-0.16591085453446056,-0.1622238532095763,-0.16336468493249867,-0.17061085208760376,-0.16491938419960814,0.0031297560710305647
0.001968526840209961,0.0007687056850578338,0.006797933578491211,0.002601308619164851,auto,30,euclidean,25,1,distance,"{'algorithm': 'auto', 'leaf_size': 30, 'metric': 'euclidean', 'n_neighbors': 25, 'p': 1, 'weights': 'distance'}",-0.18731793218909837,-0.18445370565681604,-0.19274255980939703,-0.18529877893787486,-0.16657378992928998,-0.18327735330449524,0.008836236843597271,70,-0.0007431414560306503,-0.0,-0.0009912494792199864,-0.0008830226112990477,-0.0003563348911102748,-0.0005947496875319918,0.0003668520918070933
0.0016141891479492187,0.0005571209251713838,0.006169748306274414,0.0022714471113858535,auto,30,euclidean,25,2,uniform,"{'algorithm': 'auto', 'leaf_size': 30, 'metric': 'euclidean', 'n_neighbors': 25, 'p': 2, 'weights': 'uniform'}",-0.18549526367365524,-0.17878148486070022,-0.19041118907126275,-0.1849999965193869,-0.15789878918375508,-0.17951734466175204,0.011422558940321252,34,-0.16248667623390142,-0.16591085453446056,-0.1622238532095763,-0.16336468493249867,-0.17061085208760376,-0.16491938419960814,0.0031297560710305647
0.0017406463623046875,0.0005251162661051489,0.007258367538452148,0.0031396252875163797,auto,30,euclidean,25,2,distance,"{'algorithm': 'auto', 'leaf_size': 30, 'metric': 'euclidean', 'n_neighbors': 25, 'p': 2, 'weights': 'distance'}",-0.18731793218909837,-0.18445370565681604,-0.19274255980939703,-0.18529877893787486,-0.16657378992928998,-0.18327735330449524,0.008836236843597271,70,-0.0007431414560306503,-0.0,-0.0009912494792199864,-0.0008830226112990477,-0.0003563348911102748,-0.0005947496875319918,0.0003668520918070933
0.0016283988952636719,0.0006296370250489745,0.004614067077636719,0.002212615223985898,auto,30,manhattan,3,1,uniform,"{'algorithm': 'auto', 'leaf_size': 30, 'metric': 'manhattan', 'n_neighbors': 3, 'p': 1, 'weights': 'uniform'}",-0.20966673818517514,-0.22240972267242173,-0.2342758855876858,-0.22261441793164655,-0.2259911323001413,-0.2229915793354141,0.007929250723279269,148,-0.1095383569366283,-0.1128793491115082,-0.11023008876361437,-0.11330222003941622,-0.10837683370779998,-0.11086536971179342,0.0019158136012385526
0.0026401996612548826,0.0013223759576984054,0.00443572998046875,0.0020383473649478734,auto,30,manhattan,3,1,distance,"{'algorithm': 'auto', 'leaf_size': 30, 'metric': 'manhattan', 'n_neighbors': 3, 'p': 1, 'weights': 'distance'}",-0.22092880393672365,-0.2311512560933367,-0.24016266889614346,-0.2257134897288277,-0.23730886027768083,-0.23105301578654247,0.007115352771767187,166,-0.0007431414560306503,-0.0,-0.0009912494792199864,-0.0008830226112990477,-0.0003563348911102748,-0.0005947496875319918,0.0003668520918070933
0.001756763458251953,0.00048768688139607026,0.008356189727783203,0.004410738425896027,auto,30,manhattan,3,2,uniform,"{'algorithm': 'auto', 'leaf_size': 30, 'metric': 'manhattan', 'n_neighbors': 3, 'p': 2, 'weights': 'uniform'}",-0.20966673818517514,-0.22240972267242173,-0.2342758855876858,-0.22261441793164655,-0.2259911323001413,-0.2229915793354141,0.007929250723279269,148,-0.1095383569366283,-0.1128793491115082,-0.11023008876361437,-0.11330222003941622,-0.10837683370779998,-0.11086536971179342,0.0019158136012385526
0.0015138149261474609,0.0008511387078270531,0.002818870544433594,0.0006043515371132215,auto,30,manhattan,3,2,distance,"{'algorithm': 'auto', 'leaf_size': 30, 'metric': 'manhattan', 'n_neighbors': 3, 'p': 2, 'weights': 'distance'}",-0.22092880393672365,-0.2311512560933367,-0.24016266889614346,-0.2257134897288277,-0.23730886027768083,-0.23105301578654247,0.007115352771767187,166,-0.0007431414560306503,-0.0,-0.0009912494792199864,-0.0008830226112990477,-0.0003563348911102748,-0.0005947496875319918,0.0003668520918070933
0.0016377925872802734,0.0005832989858988053,0.006216573715209961,0.0020037714153021803,auto,30,manhattan,7,1,uniform,"{'algorithm': 'auto', 'leaf_size': 30, 'metric': 'manhattan', 'n_neighbors': 7, 'p': 1, 'weights': 'uniform'}",-0.18865736057140098,-0.17693344846532602,-0.1926459594485994,-0.18928120781755872,-0.1714854804593065,-0.18380069135243832,0.008132472053843744,76,-0.1360881219169336,-0.14027720496549384,-0.13557373368147932,-0.14015804276400176,-0.14112553397021388,-0.13864452745962447,0.002327090090518146
0.0013125419616699218,0.0004627804335001882,0.005393028259277344,0.0018877466924133468,auto,30,manhattan,7,1,distance,"{'algorithm': 'auto', 'leaf_size': 30, 'metric': 'manhattan', 'n_neighbors': 7, 'p': 1, 'weights': 'distance'}",-0.19757981241136477,-0.1905693754761457,-0.20060856321039006,-0.19550387089575924,-0.18934260912346812,-0.1947208462234256,0.004233489583989366,130,-0.0007431414560306503,-0.0,-0.0009912494792199864,-0.0008830226112990477,-0.0003563348911102748,-0.0005947496875319918,0.0003668520918070933
0.0017624855041503905,0.0007863154130062542,0.0051605224609375,0.0013847979815057043,auto,30,manhattan,7,2,uniform,"{'algorithm': 'auto', 'leaf_size': 30, 'metric': 'manhattan', 'n_neighbors': 7, 'p': 2, 'weights': 'uniform'}",-0.18865736057140098,-0.17693344846532602,-0.1926459594485994,-0.18928120781755872,-0.1714854804593065,-0.18380069135243832,0.008132472053843744,76,-0.1360881219169336,-0.14027720496549384,-0.13557373368147932,-0.14015804276400176,-0.14112553397021388,-0.13864452745962447,0.002327090090518146
0.0018270015716552734,0.0006718707473456644,0.004795598983764649,0.0017198427177467835,auto,30,manhattan,7,2,distance,"{'algorithm': 'auto', 'leaf_size': 30, 'metric': 'manhattan', 'n_neighbors': 7, 'p': 2, 'weights': 'distance'}",-0.19757981241136477,-0.1905693754761457,-0.20060856321039006,-0.19550387089575924,-0.18934260912346812,-0.1947208462234256,0.004233489583989366,130,-0.0007431414560306503,-0.0,-0.0009912494792199864,-0.0008830226112990477,-0.0003563348911102748,-0.0005947496875319918,0.0003668520918070933
0.001644134521484375,0.00045293343272110107,0.005831861495971679,0.0016322529774382125,auto,30,manhattan,9,1,uniform,"{'algorithm': 'auto', 'leaf_size': 30, 'metric': 'manhattan', 'n_neighbors': 9, 'p': 1, 'weights': 'uniform'}",-0.1849063972920949,-0.17710545177089745,-0.19246398179535504,-0.18611628867945385,-0.16798716712439318,-0.1817158573324389,0.008423755635281362,46,-0.13931004205919362,-0.14592748406246414,-0.1386397471842601,-0.14322769687764125,-0.14592426670942926,-0.14260584737859766,0.0031312667522662985
0.0015913963317871094,0.0005529635356432997,0.006034374237060547,0.002979081336000364,auto,30,manhattan,9,1,distance,"{'algorithm': 'auto', 'leaf_size': 30, 'metric': 'manhattan', 'n_neighbors': 9, 'p': 1, 'weights': 'distance'}",-0.19247352524131775,-0.18827407248858427,-0.19848843734670663,-0.19195306256473374,-0.18442646473766827,-0.1911231124758021,0.00468449702783061,100,-0.0007431414560306503,-0.0,-0.0009912494792199864,-0.0008830226112990477,-0.0003563348911102748,-0.0005947496875319918,0.0003668520918070933
0.002041053771972656,0.0007530988219190936,0.005133056640625,0.0015043360932405086,auto,30,manhattan,9,2,uniform,"{'algorithm': 'auto', 'leaf_size': 30, 'metric': 'manhattan', 'n_neighbors': 9, 'p': 2, 'weights': 'uniform'}",-0.1849063972920949,-0.17710545177089745,-0.19246398179535504,-0.18611628867945385,-0.16798716712439318,-0.1817158573324389,0.008423755635281362,46,-0.13931004205919362,-0.14592748406246414,-0.1386397471842601,-0.14322769687764125,-0.14592426670942926,-0.14260584737859766,0.0031312667522662985
0.001943349838256836,0.000712596017158775,0.007938671112060546,0.0023783702371183834,auto,30,manhattan,9,2,distance,"{'algorithm': 'auto', 'leaf_size': 30, 'metric': 'manhattan', 'n_neighbors': 9, 'p': 2, 'weights': 'distance'}",-0.19247352524131775,-0.18827407248858427,-0.19848843734670663,-0.19195306256473374,-0.18442646473766827,-0.1911231124758021,0.00468449702783061,100,-0.0007431414560306503,-0.0,-0.0009912494792199864,-0.0008830226112990477,-0.0003563348911102748,-0.0005947496875319918,0.0003668520918070933
0.0013726234436035156,0.000564480109842278,0.006177520751953125,0.0018620022463794856,auto,30,manhattan,15,1,uniform,"{'algorithm': 'auto', 'leaf_size': 30, 'metric': 'manhattan', 'n_neighbors': 15, 'p': 1, 'weights': 'uniform'}",-0.17918586592486715,-0.16572867325005258,-0.1822144421486591,-0.17988473081180348,-0.15990803880437127,-0.1733843501879507,0.008878101317510118,10,-0.1478827050057138,-0.15235473581341472,-0.14724782860512312,-0.1500027414796293,-0.1545205958250988,-0.15040172134579594,0.002728774822584547
0.002169370651245117,0.0017050212730455741,0.006743860244750976,0.0017844809517733712,auto,30,manhattan,15,1,distance,"{'algorithm': 'auto', 'leaf_size': 30, 'metric': 'manhattan', 'n_neighbors': 15, 'p': 1, 'weights': 'distance'}",-0.18581084274867898,-0.17716155393242558,-0.18874529499349543,-0.1838794398527335,-0.17345753129193708,-0.1818109325638541,0.00565259976761991,55,-0.0007431414560306503,-0.0,-0.0009912494792199864,-0.0008830226112990477,-0.0003563348911102748,-0.0005947496875319918,0.0003668520918070933
0.002433156967163086,0.0009728296633477288,0.008319234848022461,0.0019263422803103218,auto,30,manhattan,15,2,uniform,"{'algorithm': 'auto', 'leaf_size': 30, 'metric': 'manhattan', 'n_neighbors': 15, 'p': 2, 'weights': 'uniform'}",-0.17918586592486715,-0.16572867325005258,-0.1822144421486591,-0.17988473081180348,-0.15990803880437127,-0.1733843501879507,0.008878101317510118,10,-0.1478827050057138,-0.15235473581341472,-0.14724782860512312,-0.1500027414796293,-0.1545205958250988,-0.15040172134579594,0.002728774822584547
0.001511859893798828,0.0006104024180444687,0.006175327301025391,0.002283369967545357,auto,30,manhattan,15,2,distance,"{'algorithm': 'auto', 'leaf_size': 30, 'metric': 'manhattan', 'n_neighbors': 15, 'p': 2, 'weights': 'distance'}",-0.18581084274867898,-0.17716155393242558,-0.18874529499349543,-0.1838794398527335,-0.17345753129193708,-0.1818109325638541,0.00565259976761991,55,-0.0007431414560306503,-0.0,-0.0009912494792199864,-0.0008830226112990477,-0.0003563348911102748,-0.0005947496875319918,0.0003668520918070933
0.0019337654113769532,0.0007209471035035774,0.008820152282714844,0.002618613026163094,auto,30,manhattan,25,1,uniform,"{'algorithm': 'auto', 'leaf_size': 30, 'metric': 'manhattan', 'n_neighbors': 25, 'p': 1, 'weights': 'uniform'}",-0.17428506984548145,-0.1702438979428855,-0.1817980577112672,-0.17816826398994057,-0.1526063208462938,-0.1714203220671737,0.01016650886769416,1,-0.15265327398417924,-0.15713034429552392,-0.153808235618321,-0.15492482035736474,-0.16115265837998027,-0.15593386652707383,0.0029988703146252766
0.0014406681060791016,0.0005807941300167862,0.007489347457885742,0.003890691722886399,auto,30,manhattan,25,1,distance,"{'algorithm': 'auto', 'leaf_size': 30, 'metric': 'manhattan', 'n_neighbors': 25, 'p': 1, 'weights': 'distance'}",-0.18022937741318643,-0.17645789994449868,-0.1847820223123341,-0.1803823727663996,-0.1632534413171807,-0.1770210227507199,0.007371414159948905,19,-0.0007431414560306503,-0.0,-0.0009912494792199864,-0.0008830226112990477,-0.0003563348911102748,-0.0005947496875319918,0.0003668520918070933
0.001987648010253906,0.0008044007178598132,0.008899211883544922,0.004029869884803542,auto,30,manhattan,25,2,uniform,"{'algorithm': 'auto', 'leaf_size': 30, 'metric': 'manhattan', 'n_neighbors': 25, 'p': 2, 'weights': 'uniform'}",-0.17428506984548145,-0.1702438979428855,-0.1817980577112672,-0.17816826398994057,-0.1526063208462938,-0.1714203220671737,0.01016650886769416,1,-0.15265327398417924,-0.15713034429552392,-0.153808235618321,-0.15492482035736474,-0.16115265837998027,-0.15593386652707383,0.0029988703146252766
0.0016801834106445312,0.00048070671226417723,0.007192277908325195,0.0018821088975561424,auto,30,manhattan,25,2,distance,"{'algorithm': 'auto', 'leaf_size': 30, 'metric': 'manhattan', 'n_neighbors': 25, 'p': 2, 'weights': 'distance'}",-0.18022937741318643,-0.17645789994449868,-0.1847820223123341,-0.1803823727663996,-0.1632534413171807,-0.1770210227507199,0.007371414159948905,19,-0.0007431414560306503,-0.0,-0.0009912494792199864,-0.0008830226112990477,-0.0003563348911102748,-0.0005947496875319918,0.0003668520918070933
0.0016109466552734375,0.0005654980593196142,0.0035281658172607424,0.0012979935348907301,auto,30,minkowski,3,1,uniform,"{'algorithm': 'auto', 'leaf_size': 30, 'metric': 'minkowski', 'n_neighbors': 3, 'p': 1, 'weights': 'uniform'}",-0.20966673818517514,-0.22240972267242173,-0.2342758855876858,-0.22261441793164655,-0.2259911323001413,-0.2229915793354141,0.007929250723279269,148,-0.1095383569366283,-0.1128793491115082,-0.11023008876361437,-0.11330222003941622,-0.10837683370779998,-0.11086536971179342,0.0019158136012385526
0.0012715816497802734,0.00040492130450539305,0.002981424331665039,0.0006980066530269423,auto,30,minkowski,3,1,distance,"{'algorithm': 'auto', 'leaf_size': 30, 'metric': 'minkowski', 'n_neighbors': 3, 'p': 1, 'weights': 'distance'}",-0.22092880393672365,-0.2311512560933367,-0.24016266889614346,-0.2257134897288277,-0.23730886027768083,-0.23105301578654247,0.007115352771767187,166,-0.0007431414560306503,-0.0,-0.0009912494792199864,-0.0008830226112990477,-0.0003563348911102748,-0.0005947496875319918,0.0003668520918070933
0.0017678260803222657,0.0005395891557695024,0.004355716705322266,0.0025711082359793436,auto,30,minkowski,3,2,uniform,"{'algorithm': 'auto', 'leaf_size': 30, 'metric': 'minkowski', 'n_neighbors': 3, 'p': 2, 'weights': 'uniform'}",-0.2145032906669422,-0.23064326211155303,-0.22111099030521686,-0.22069323097831664,-0.2307936739898092,-0.2235488896103676,0.006304570110330083,157,-0.1112495349700072,-0.11314534731977638,-0.11226054911347343,-0.11246032886702545,-0.11105049062459621,-0.11203325017897572,0.0007811333986560634
0.001046895980834961,2.1786292651292164e-05,0.0025730133056640625,0.0006556256202604791,auto,30,minkowski,3,2,distance,"{'algorithm': 'auto', 'leaf_size': 30, 'metric': 'minkowski', 'n_neighbors': 3, 'p': 2, 'weights': 'distance'}",-0.22525484879311056,-0.23839672685730895,-0.23169849590967484,-0.227335271304667,-0.2379809429893907,-0.23213325717083041,0.005365606573031962,175,-0.0007431414560306503,-0.0,-0.0009912494792199864,-0.0008830226112990477,-0.0003563348911102748,-0.0005947496875319918,0.0003668520918070933
0.001695108413696289,0.0006804269328004687,0.006906986236572266,0.002062784093274158,auto,30,minkowski,7,1,uniform,"{'algorithm': 'auto', 'leaf_size': 30, 'metric': 'minkowski', 'n_neighbors': 7, 'p': 1, 'weights': 'uniform'}",-0.18865736057140098,-0.17693344846532602,-0.1926459594485994,-0.18928120781755872,-0.1714854804593065,-0.18380069135243832,0.008132472053843744,76,-0.1360881219169336,-0.14027720496549384,-0.13557373368147932,-0.14015804276400176,-0.14112553397021388,-0.13864452745962447,0.002327090090518146
0.001615619659423828,0.0006444336367569763,0.0076615333557128905,0.0028476923100554294,auto,30,minkowski,7,1,distance,"{'algorithm': 'auto', 'leaf_size': 30, 'metric': 'minkowski', 'n_neighbors': 7, 'p': 1, 'weights': 'distance'}",-0.19757981241136477,-0.1905693754761457,-0.20060856321039006,-0.19550387089575924,-0.18934260912346812,-0.1947208462234256,0.004233489583989366,130,-0.0007431414560306503,-0.0,-0.0009912494792199864,-0.0008830226112990477,-0.0003563348911102748,-0.0005947496875319918,0.0003668520918070933
0.002041149139404297,0.0008820095261703214,0.005294704437255859,0.0023464481192491645,auto,30,minkowski,7,2,uniform,"{'algorithm': 'auto', 'leaf_size': 30, 'metric': 'minkowski', 'n_neighbors': 7, 'p': 2, 'weights': 'uniform'}",-0.1925473009700948,-0.184628383838753,-0.20004828155668844,-0.19604835628496087,-0.18670526242455188,-0.19199551701500978,0.00572430665344596,109,-0.1399502743809789,-0.14722444788429956,-0.13905490357261735,-0.1434705432441585,-0.14343915296531842,-0.14262786440947456,0.00291315684036121
0.001432323455810547,0.0006754694591156334,0.0035735130310058593,0.0014113499768628212,auto,30,minkowski,7,2,distance,"{'algorithm': 'auto', 'leaf_size': 30, 'metric': 'minkowski', 'n_neighbors': 7, 'p': 2, 'weights': 'distance'}",-0.1983310741351926,-0.1947463624961926,-0.20677311099401552,-0.20152888330801508,-0.1976018407129077,-0.1997962543292647,0.004102246792794553,136,-0.0007431414560306503,-0.0,-0.0009912494792199864,-0.0008830226112990477,-0.0003563348911102748,-0.0005947496875319918,0.0003668520918070933
0.0018871307373046875,0.0006831729254311735,0.0062181949615478516,0.002066391367346524,auto,30,minkowski,9,1,uniform,"{'algorithm': 'auto', 'leaf_size': 30, 'metric': 'minkowski', 'n_neighbors': 9, 'p': 1, 'weights': 'uniform'}",-0.1849063972920949,-0.17710545177089745,-0.19246398179535504,-0.18611628867945385,-0.16798716712439318,-0.1817158573324389,0.008423755635281362,46,-0.13931004205919362,-0.14592748406246414,-0.1386397471842601,-0.14322769687764125,-0.14592426670942926,-0.14260584737859766,0.0031312667522662985
0.0017612934112548827,0.0008619172615809024,0.0036219120025634765,0.0001510302643938809,auto,30,minkowski,9,1,distance,"{'algorithm': 'auto', 'leaf_size': 30, 'metric': 'minkowski', 'n_neighbors': 9, 'p': 1, 'weights': 'distance'}",-0.19247352524131775,-0.18827407248858427,-0.19848843734670663,-0.19195306256473374,-0.18442646473766827,-0.1911231124758021,0.00468449702783061,100,-0.0007431414560306503,-0.0,-0.0009912494792199864,-0.0008830226112990477,-0.0003563348911102748,-0.0005947496875319918,0.0003668520918070933
0.0014467239379882812,0.0005888872879831958,0.003406047821044922,0.0014729879012557116,auto,30,minkowski,9,2,uniform,"{'algorithm': 'auto', 'leaf_size': 30, 'metric': 'minkowski', 'n_neighbors': 9, 'p': 2, 'weights': 'uniform'}",-0.1923626293456545,-0.17889724008983757,-0.19256410354807957,-0.18906743656054606,-0.1731018130374732,-0.18519864451631818,0.007830469294220384,85,-0.1451421427906894,-0.14993433816844473,-0.14481972362623222,-0.14900189361267627,-0.15062934268271377,-0.1479054881761513,0.0024452296874642324
0.0023143768310546877,0.001461879404016359,0.0053408145904541016,0.0021672716597323748,auto,30,minkowski,9,2,distance,"{'algorithm': 'auto', 'leaf_size': 30, 'metric': 'minkowski', 'n_neighbors': 9, 'p': 2, 'weights': 'distance'}",-0.19633686558083233,-0.19051722860402281,-0.1988314464728898,-0.19458527475929774,-0.1865393737612198,-0.1933620378356525,0.004356650643851697,121,-0.0007431414560306503,-0.0,-0.0009912494792199864,-0.0008830226112990477,-0.0003563348911102748,-0.0005947496875319918,0.0003668520918070933
0.001308584213256836,0.0004005405618943179,0.0052111148834228516,0.0013710579083994793,auto,30,minkowski,15,1,uniform,"{'algorithm': 'auto', 'leaf_size': 30, 'metric': 'minkowski', 'n_neighbors': 15, 'p': 1, 'weights': 'uniform'}",-0.17918586592486715,-0.16572867325005258,-0.1822144421486591,-0.17988473081180348,-0.15990803880437127,-0.1733843501879507,0.008878101317510118,10,-0.1478827050057138,-0.15235473581341472,-0.14724782860512312,-0.1500027414796293,-0.1545205958250988,-0.15040172134579594,0.002728774822584547
0.0015474319458007812,0.0005420101781720777,0.008011198043823243,0.0035516994709551995,auto,30,minkowski,15,1,distance,"{'algorithm': 'auto', 'leaf_size': 30, 'metric': 'minkowski', 'n_neighbors': 15, 'p': 1, 'weights': 'distance'}",-0.18581084274867898,-0.17716155393242558,-0.18874529499349543,-0.1838794398527335,-0.17345753129193708,-0.1818109325638541,0.00565259976761991,55,-0.0007431414560306503,-0.0,-0.0009912494792199864,-0.0008830226112990477,-0.0003563348911102748,-0.0005947496875319918,0.0003668520918070933
0.001976680755615234,0.00066653024585173,0.005170106887817383,0.0014202691653069843,auto,30,minkowski,15,2,uniform,"{'algorithm': 'auto', 'leaf_size': 30, 'metric': 'minkowski', 'n_neighbors': 15, 'p': 2, 'weights': 'uniform'}",-0.18531856643465777,-0.17557781148061097,-0.19472075739025418,-0.18219642110288226,-0.16070353400598714,-0.17970341808287846,0.0113250312115691,40,-0.15378139038667296,-0.15746830631482045,-0.15336137483615186,-0.15610290287262962,-0.16279871162207338,-0.15670253720646965,0.0034001697279612817
0.001594400405883789,0.0005181230717824799,0.005840396881103516,0.0029221704907443245,auto,30,minkowski,15,2,distance,"{'algorithm': 'auto', 'leaf_size': 30, 'metric': 'minkowski', 'n_neighbors': 15, 'p': 2, 'weights': 'distance'}",-0.1892371963406177,-0.18431757859649964,-0.19705625782052708,-0.18571827008036454,-0.1736289544449646,-0.18599165145659471,0.007598323634883222,94,-0.0007431414560306503,-0.0,-0.0009912494792199864,-0.0008830226112990477,-0.0003563348911102748,-0.0005947496875319918,0.0003668520918070933
0.0016959190368652343,0.0006799216908836809,0.005951452255249024,0.0006825805150716585,auto,30,minkowski,25,1,uniform,"{'algorithm': 'auto', 'leaf_size': 30, 'metric': 'minkowski', 'n_neighbors': 25, 'p': 1, 'weights': 'uniform'}",-0.17428506984548145,-0.1702438979428855,-0.1817980577112672,-0.17816826398994057,-0.1526063208462938,-0.1714203220671737,0.01016650886769416,1,-0.15265327398417924,-0.15713034429552392,-0.153808235618321,-0.15492482035736474,-0.16115265837998027,-0.15593386652707383,0.0029988703146252766
0.002659463882446289,0.0028990649750185882,0.007619380950927734,0.0009451456299695444,auto,30,minkowski,25,1,distance,"{'algorithm': 'auto', 'leaf_size': 30, 'metric': 'minkowski', 'n_neighbors': 25, 'p': 1, 'weights': 'distance'}",-0.18022937741318643,-0.17645789994449868,-0.1847820223123341,-0.1803823727663996,-0.1632534413171807,-0.1770210227507199,0.007371414159948905,19,-0.0007431414560306503,-0.0,-0.0009912494792199864,-0.0008830226112990477,-0.0003563348911102748,-0.0005947496875319918,0.0003668520918070933
0.0022296905517578125,0.001289437771054315,0.006188154220581055,0.0014333114322311942,auto,30,minkowski,25,2,uniform,"{'algorithm': 'auto', 'leaf_size': 30, 'metric': 'minkowski', 'n_neighbors': 25, 'p': 2, 'weights': 'uniform'}",-0.18549526367365524,-0.17878148486070022,-0.19041118907126275,-0.1849999965193869,-0.15789878918375508,-0.17951734466175204,0.011422558940321252,34,-0.16248667623390142,-0.16591085453446056,-0.1622238532095763,-0.16336468493249867,-0.17061085208760376,-0.16491938419960814,0.0031297560710305647
0.0019670963287353516,0.0006977516865156909,0.005243778228759766,0.0009923124701853162,auto,30,minkowski,25,2,distance,"{'algorithm': 'auto', 'leaf_size': 30, 'metric': 'minkowski', 'n_neighbors': 25, 'p': 2, 'weights': 'distance'}",-0.18731793218909837,-0.18445370565681604,-0.19274255980939703,-0.18529877893787486,-0.16657378992928998,-0.18327735330449524,0.008836236843597271,70,-0.0007431414560306503,-0.0,-0.0009912494792199864,-0.0008830226112990477,-0.0003563348911102748,-0.0005947496875319918,0.0003668520918070933
0.0023842334747314455,0.0009943581013425863,0.0035588741302490234,0.0014287923894450128,auto,50,euclidean,3,1,uniform,"{'algorithm': 'auto', 'leaf_size': 50, 'metric': 'euclidean', 'n_neighbors': 3, 'p': 1, 'weights': 'uniform'}",-0.2145032906669422,-0.23064326211155303,-0.22111099030521686,-0.22139900264031648,-0.2307936739898092,-0.2236900439427676,0.006246689145679485,160,-0.1112495349700072,-0.11314534731977638,-0.11225104479087519,-0.11247780323051923,-0.11105555679795988,-0.11203585742182758,0.0007812658762112179
0.0013976097106933594,0.0005996878021753905,0.0032068729400634766,0.0015397166910170383,auto,50,euclidean,3,1,distance,"{'algorithm': 'auto', 'leaf_size': 50, 'metric': 'euclidean', 'n_neighbors': 3, 'p': 1, 'weights': 'distance'}",-0.22525484879311056,-0.23839672685730895,-0.23169849590967484,-0.22798785146797676,-0.2379809429893907,-0.23226377320349237,0.005254088263024472,178,-0.0007431414560306503,-0.0,-0.0009912494792199864,-0.0008830226112990477,-0.0003563348911102748,-0.0005947496875319918,0.0003668520918070933
0.0011185646057128907,0.0001582155175896301,0.0035007953643798827,0.0016650179351631413,auto,50,euclidean,3,2,uniform,"{'algorithm': 'auto', 'leaf_size': 50, 'metric': 'euclidean', 'n_neighbors': 3, 'p': 2, 'weights': 'uniform'}",-0.2145032906669422,-0.23064326211155303,-0.22111099030521686,-0.22139900264031648,-0.2307936739898092,-0.2236900439427676,0.006246689145679485,160,-0.1112495349700072,-0.11314534731977638,-0.11225104479087519,-0.11247780323051923,-0.11105555679795988,-0.11203585742182758,0.0007812658762112179
0.0018010616302490234,0.0008727803146127091,0.002477884292602539,0.0005322063879618179,auto,50,euclidean,3,2,distance,"{'algorithm': 'auto', 'leaf_size': 50, 'metric': 'euclidean', 'n_neighbors': 3, 'p': 2, 'weights': 'distance'}",-0.22525484879311056,-0.23839672685730895,-0.23169849590967484,-0.22798785146797676,-0.2379809429893907,-0.23226377320349237,0.005254088263024472,178,-0.0007431414560306503,-0.0,-0.0009912494792199864,-0.0008830226112990477,-0.0003563348911102748,-0.0005947496875319918,0.0003668520918070933
0.001243448257446289,0.0004382387616713724,0.0033318042755126954,0.0017010095632166828,auto,50,euclidean,7,1,uniform,"{'algorithm': 'auto', 'leaf_size': 50, 'metric': 'euclidean', 'n_neighbors': 7, 'p': 1, 'weights': 'uniform'}",-0.1925473009700948,-0.184628383838753,-0.2000571452706864,-0.19604835628496087,-0.18670306259758346,-0.19199684979241569,0.005727207660450798,112,-0.1399502743809789,-0.14722444788429956,-0.13905490357261735,-0.14349396773438358,-0.14342555810031526,-0.14262983033451895,0.0029137792645623703
0.001032400131225586,1.8343300135687486e-05,0.0033175468444824217,0.0006589707932406127,auto,50,euclidean,7,1,distance,"{'algorithm': 'auto', 'leaf_size': 50, 'metric': 'euclidean', 'n_neighbors': 7, 'p': 1, 'weights': 'distance'}",-0.1983310741351926,-0.1947463624961926,-0.20678290918622866,-0.20152888330801508,-0.19759953576794057,-0.19979775297871388,0.00410582685955188,139,-0.0007431414560306503,-0.0,-0.0009912494792199864,-0.0008830226112990477,-0.0003563348911102748,-0.0005947496875319918,0.0003668520918070933
0.0015871047973632813,0.0006431398051189794,0.005185079574584961,0.001999057188585405,auto,50,euclidean,7,2,uniform,"{'algorithm': 'auto', 'leaf_size': 50, 'metric': 'euclidean', 'n_neighbors': 7, 'p': 2, 'weights': 'uniform'}",-0.1925473009700948,-0.184628383838753,-0.2000571452706864,-0.19604835628496087,-0.18670306259758346,-0.19199684979241569,0.005727207660450798,112,-0.1399502743809789,-0.14722444788429956,-0.13905490357261735,-0.14349396773438358,-0.14342555810031526,-0.14262983033451895,0.0029137792645623703
0.0015830039978027345,0.0006766570559050198,0.003601837158203125,0.0011711754824429437,auto,50,euclidean,7,2,distance,"{'algorithm': 'auto', 'leaf_size': 50, 'metric': 'euclidean', 'n_neighbors': 7, 'p': 2, 'weights': 'distance'}",-0.1983310741351926,-0.1947463624961926,-0.20678290918622866,-0.20152888330801508,-0.19759953576794057,-0.19979775297871388,0.00410582685955188,139,-0.0007431414560306503,-0.0,-0.0009912494792199864,-0.0008830226112990477,-0.0003563348911102748,-0.0005947496875319918,0.0003668520918070933
0.0018924713134765626,0.00033896728642488736,0.0051173210144042965,0.0014502651930604052,auto,50,euclidean,9,1,uniform,"{'algorithm': 'auto', 'leaf_size': 50, 'metric': 'euclidean', 'n_neighbors': 9, 'p': 1, 'weights': 'uniform'}",-0.1923626293456545,-0.17889724008983757,-0.19276259775569093,-0.18900486767776742,-0.1731018130374732,-0.18522582958128472,0.00786207016544611,88,-0.1451247927944917,-0.14993433816844473,-0.1448557862028445,-0.14895574334497735,-0.15061485851558512,-0.1478971038052687,0.002432798934983224
0.001474475860595703,0.0005577320393745698,0.0042323112487792965,0.0011814347225808308,auto,50,euclidean,9,1,distance,"{'algorithm': 'auto', 'leaf_size': 50, 'metric': 'euclidean', 'n_neighbors': 9, 'p': 1, 'weights': 'distance'}",-0.19633686558083233,-0.19051722860402281,-0.19897712454984118,-0.19453930831607016,-0.1865393737612198,-0.19338198016239724,0.0043910012721554295,124,-0.0007431414560306503,-0.0,-0.0009912494792199864,-0.0008830226112990477,-0.0003563348911102748,-0.0005947496875319918,0.0003668520918070933
0.0010554790496826172,4.740922121793858e-05,0.002632284164428711,4.6335128121741036e-05,auto,50,euclidean,9,2,uniform,"{'algorithm': 'auto', 'leaf_size': 50, 'metric': 'euclidean', 'n_neighbors': 9, 'p': 2, 'weights': 'uniform'}",-0.1923626293456545,-0.17889724008983757,-0.19276259775569093,-0.18900486767776742,-0.1731018130374732,-0.18522582958128472,0.00786207016544611,88,-0.1451247927944917,-0.14993433816844473,-0.1448557862028445,-0.14895574334497735,-0.15061485851558512,-0.1478971038052687,0.002432798934983224
0.0017364978790283202,0.00046924470255989064,0.004253768920898437,0.002092242545058893,auto,50,euclidean,9,2,distance,"{'algorithm': 'auto', 'leaf_size': 50, 'metric': 'euclidean', 'n_neighbors': 9, 'p': 2, 'weights': 'distance'}",-0.19633686558083233,-0.19051722860402281,-0.19897712454984118,-0.19453930831607016,-0.1865393737612198,-0.19338198016239724,0.0043910012721554295,124,-0.0007431414560306503,-0.0,-0.0009912494792199864,-0.0008830226112990477,-0.0003563348911102748,-0.0005947496875319918,0.0003668520918070933
0.0015535831451416015,0.0005827038143073038,0.005413579940795899,0.001863125884160446,auto,50,euclidean,15,1,uniform,"{'algorithm': 'auto', 'leaf_size': 50, 'metric': 'euclidean', 'n_neighbors': 15, 'p': 1, 'weights': 'uniform'}",-0.18528042608786421,-0.17557781148061097,-0.19472075739025418,-0.18219642110288226,-0.16070353400598714,-0.17969579001351974,0.011321258729072895,37,-0.15378139038667296,-0.15746830631482045,-0.15341275508443664,-0.15601741775267722,-0.16278538945375162,-0.15669305179847176,0.0033885748551261037
0.0016048908233642577,0.0006933895297822045,0.005832386016845703,0.003681896779772088,auto,50,euclidean,15,1,distance,"{'algorithm': 'auto', 'leaf_size': 50, 'metric': 'euclidean', 'n_neighbors': 15, 'p': 1, 'weights': 'distance'}",-0.18921200479030914,-0.18431757859649964,-0.19705625782052708,-0.18571827008036454,-0.1736289544449646,-0.185986613146533,0.0075961779518260554,91,-0.0007431414560306503,-0.0,-0.0009912494792199864,-0.0008830226112990477,-0.0003563348911102748,-0.0005947496875319918,0.0003668520918070933
0.0017848014831542969,0.0009660599732275532,0.005066776275634765,0.0020064486654062024,auto,50,euclidean,15,2,uniform,"{'algorithm': 'auto', 'leaf_size': 50, 'metric': 'euclidean', 'n_neighbors': 15, 'p': 2, 'weights': 'uniform'}",-0.18528042608786421,-0.17557781148061097,-0.19472075739025418,-0.18219642110288226,-0.16070353400598714,-0.17969579001351974,0.011321258729072895,37,-0.15378139038667296,-0.15746830631482045,-0.15341275508443664,-0.15601741775267722,-0.16278538945375162,-0.15669305179847176,0.0033885748551261037
0.0013354301452636718,0.0004097927939969662,0.004609584808349609,0.0014873515309107147,auto,50,euclidean,15,2,distance,"{'algorithm': 'auto', 'leaf_size': 50, 'metric': 'euclidean', 'n_neighbors': 15, 'p': 2, 'weights': 'distance'}",-0.18921200479030914,-0.18431757859649964,-0.19705625782052708,-0.18571827008036454,-0.1736289544449646,-0.185986613146533,0.0075961779518260554,91,-0.0007431414560306503,-0.0,-0.0009912494792199864,-0.0008830226112990477,-0.0003563348911102748,-0.0005947496875319918,0.0003668520918070933
0.001691579818725586,0.00047174018443270994,0.006443929672241211,0.0018256404944959827,auto,50,euclidean,25,1,uniform,"{'algorithm': 'auto', 'leaf_size': 50, 'metric': 'euclidean', 'n_neighbors': 25, 'p': 1, 'weights': 'uniform'}",-0.18549526367365524,-0.17878148486070022,-0.19041118907126275,-0.18499458595957102,-0.15784486844253462,-0.17950547840154477,0.011442452054037433,28,-0.16248090752218103,-0.16591085453446056,-0.1622179154765086,-0.16327132732426838,-0.17062695240878947,-0.1649015914532416,0.0031469972548710335
0.0012752056121826173,0.00045604728246417684,0.006843280792236328,0.0029019981607132897,auto,50,euclidean,25,1,distance,"{'algorithm': 'auto', 'leaf_size': 50, 'metric': 'euclidean', 'n_neighbors': 25, 'p': 1, 'weights': 'distance'}",-0.18731793218909837,-0.18445370565681604,-0.19274255980939703,-0.18529545799735694,-0.16655125128820839,-0.18327218138817533,0.008844606472047696,64,-0.0007431414560306503,-0.0,-0.0009912494792199864,-0.0008830226112990477,-0.0003563348911102748,-0.0005947496875319918,0.0003668520918070933
0.0014670848846435546,0.0006679388400856008,0.007458209991455078,0.0029715424190697296,auto,50,euclidean,25,2,uniform,"{'algorithm': 'auto', 'leaf_size': 50, 'metric': 'euclidean', 'n_neighbors': 25, 'p': 2, 'weights': 'uniform'}",-0.18549526367365524,-0.17878148486070022,-0.19041118907126275,-0.18499458595957102,-0.15784486844253462,-0.17950547840154477,0.011442452054037433,28,-0.16248090752218103,-0.16591085453446056,-0.1622179154765086,-0.16327132732426838,-0.17062695240878947,-0.1649015914532416,0.0031469972548710335
0.001299571990966797,0.0004645185579353842,0.0045070648193359375,0.0005540341166974328,auto,50,euclidean,25,2,distance,"{'algorithm': 'auto', 'leaf_size': 50, 'metric': 'euclidean', 'n_neighbors': 25, 'p': 2, 'weights': 'distance'}",-0.18731793218909837,-0.18445370565681604,-0.19274255980939703,-0.18529545799735694,-0.16655125128820839,-0.18327218138817533,0.008844606472047696,64,-0.0007431414560306503,-0.0,-0.0009912494792199864,-0.0008830226112990477,-0.0003563348911102748,-0.0005947496875319918,0.0003668520918070933
0.0016660213470458985,0.000512003715990276,0.0039886474609375,0.001312262214878128,auto,50,manhattan,3,1,uniform,"{'algorithm': 'auto', 'leaf_size': 50, 'metric': 'manhattan', 'n_neighbors': 3, 'p': 1, 'weights': 'uniform'}",-0.20966673818517514,-0.22240972267242173,-0.23457874868682138,-0.22321534443527158,-0.2259911323001413,-0.22317233725596625,0.008012945327561754,151,-0.1095383569366283,-0.1128793491115082,-0.11022058444101611,-0.11317601907580502,-0.10838189988116363,-0.11083924188922425,0.0018834082691138844
0.0010196208953857423,1.655291277478442e-05,0.0031819820404052736,0.0012224530681834679,auto,50,manhattan,3,1,distance,"{'algorithm': 'auto', 'leaf_size': 50, 'metric': 'manhattan', 'n_neighbors': 3, 'p': 1, 'weights': 'distance'}",-0.22092880393672365,-0.2311512560933367,-0.24009003709365428,-0.22630368328662395,-0.23730886027768083,-0.23115652813760387,0.0070116367033818995,169,-0.0007431414560306503,-0.0,-0.0009912494792199864,-0.0008830226112990477,-0.0003563348911102748,-0.0005947496875319918,0.0003668520918070933
0.00205078125,0.0014657784499837111,0.003822040557861328,0.0011138395013937622,auto,50,manhattan,3,2,uniform,"{'algorithm': 'auto', 'leaf_size': 50, 'metric': 'manhattan', 'n_neighbors': 3, 'p': 2, 'weights': 'uniform'}",-0.20966673818517514,-0.22240972267242173,-0.23457874868682138,-0.22321534443527158,-0.2259911323001413,-0.22317233725596625,0.008012945327561754,151,-0.1095383569366283,-0.1128793491115082,-0.11022058444101611,-0.11317601907580502,-0.10838189988116363,-0.11083924188922425,0.0018834082691138844
0.0014910221099853516,0.0005390648270326556,0.005921363830566406,0.00240697694743849,auto,50,manhattan,3,2,distance,"{'algorithm': 'auto', 'leaf_size': 50, 'metric': 'manhattan', 'n_neighbors': 3, 'p': 2, 'weights': 'distance'}",-0.22092880393672365,-0.2311512560933367,-0.24009003709365428,-0.22630368328662395,-0.23730886027768083,-0.23115652813760387,0.0070116367033818995,169,-0.0007431414560306503,-0.0,-0.0009912494792199864,-0.0008830226112990477,-0.0003563348911102748,-0.0005947496875319918,0.0003668520918070933
0.002308177947998047,0.0015460538205201546,0.00655660629272461,0.002894831522563972,auto,50,manhattan,7,1,uniform,"{'algorithm': 'auto', 'leaf_size': 50, 'metric': 'manhattan', 'n_neighbors': 7, 'p': 1, 'weights': 'uniform'}",-0.18865736057140098,-0.17693344846532602,-0.1926459594485994,-0.18902315368904415,-0.1714854804593065,-0.1837490805267354,0.00809827441223017,73,-0.1361921227020605,-0.14027720496549384,-0.13554220363677746,-0.1401608277121199,-0.14114457854366258,-0.13866338751202284,0.0023174115476338607
0.002017641067504883,0.00102145670035878,0.005692243576049805,0.0016545987676809858,auto,50,manhattan,7,1,distance,"{'algorithm': 'auto', 'leaf_size': 50, 'metric': 'manhattan', 'n_neighbors': 7, 'p': 1, 'weights': 'distance'}",-0.19757981241136477,-0.1905693754761457,-0.20060856321039006,-0.195372777923018,-0.18934260912346812,-0.19469462762887732,0.004228962532789386,127,-0.0007431414560306503,-0.0,-0.0009912494792199864,-0.0008830226112990477,-0.0003563348911102748,-0.0005947496875319918,0.0003668520918070933
0.0015577316284179688,0.0006092410602162882,0.004307985305786133,0.001103714051231545,auto,50,manhattan,7,2,uniform,"{'algorithm': 'auto', 'leaf_size': 50, 'metric': 'manhattan', 'n_neighbors': 7, 'p': 2, 'weights': 'uniform'}",-0.18865736057140098,-0.17693344846532602,-0.1926459594485994,-0.18902315368904415,-0.1714854804593065,-0.1837490805267354,0.00809827441223017,73,-0.1361921227020605,-0.14027720496549384,-0.13554220363677746,-0.1401608277121199,-0.14114457854366258,-0.13866338751202284,0.0023174115476338607
0.0016892910003662109,0.0007649468388621188,0.004753494262695312,0.0016613176686569105,auto,50,manhattan,7,2,distance,"{'algorithm': 'auto', 'leaf_size': 50, 'metric': 'manhattan', 'n_neighbors': 7, 'p': 2, 'weights': 'distance'}",-0.19757981241136477,-0.1905693754761457,-0.20060856321039006,-0.195372777923018,-0.18934260912346812,-0.19469462762887732,0.004228962532789386,127,-0.0007431414560306503,-0.0,-0.0009912494792199864,-0.0008830226112990477,-0.0003563348911102748,-0.0005947496875319918,0.0003668520918070933
0.0018925666809082031,0.0008199764756283629,0.005726146697998047,0.002680432453537685,auto,50,manhattan,9,1,uniform,"{'algorithm': 'auto', 'leaf_size': 50, 'metric': 'manhattan', 'n_neighbors': 9, 'p': 1, 'weights': 'uniform'}",-0.1852693293905803,-0.17710545177089745,-0.19246398179535504,-0.18611628867945385,-0.16798458332579205,-0.18178792699241572,0.008453293964913103,49,-0.13932522489209156,-0.14592748406246414,-0.13850747094594967,-0.1434113352977892,-0.1460326666358004,-0.14264083636681898,0.0031930619601027673
0.001876688003540039,0.0006910162078069962,0.005738544464111328,0.0014054826836657104,auto,50,manhattan,9,1,distance,"{'algorithm': 'auto', 'leaf_size': 50, 'metric': 'manhattan', 'n_neighbors': 9, 'p': 1, 'weights': 'distance'}",-0.19279506454194692,-0.18827407248858427,-0.19848843734670663,-0.19195306256473374,-0.18442428667118288,-0.1911869847226309,0.004705383066348415,103,-0.0007431414560306503,-0.0,-0.0009912494792199864,-0.0008830226112990477,-0.0003563348911102748,-0.0005947496875319918,0.0003668520918070933
0.001555156707763672,0.0006739640313453273,0.005019426345825195,0.0018794793033217391,auto,50,manhattan,9,2,uniform,"{'algorithm': 'auto', 'leaf_size': 50, 'metric': 'manhattan', 'n_neighbors': 9, 'p': 2, 'weights': 'uniform'}",-0.1852693293905803,-0.17710545177089745,-0.19246398179535504,-0.18611628867945385,-0.16798458332579205,-0.18178792699241572,0.008453293964913103,49,-0.13932522489209156,-0.14592748406246414,-0.13850747094594967,-0.1434113352977892,-0.1460326666358004,-0.14264083636681898,0.0031930619601027673
0.0017342090606689454,0.0005669409810666565,0.0068397998809814455,0.0019602064851938763,auto,50,manhattan,9,2,distance,"{'algorithm': 'auto', 'leaf_size': 50, 'metric': 'manhattan', 'n_neighbors': 9, 'p': 2, 'weights': 'distance'}",-0.19279506454194692,-0.18827407248858427,-0.19848843734670663,-0.19195306256473374,-0.18442428667118288,-0.1911869847226309,0.004705383066348415,103,-0.0007431414560306503,-0.0,-0.0009912494792199864,-0.0008830226112990477,-0.0003563348911102748,-0.0005947496875319918,0.0003668520918070933
0.0025509357452392577,0.0024070145893252686,0.005377912521362304,0.001439830882048692,auto,50,manhattan,15,1,uniform,"{'algorithm': 'auto', 'leaf_size': 50, 'metric': 'manhattan', 'n_neighbors': 15, 'p': 1, 'weights': 'uniform'}",-0.1791988642771887,-0.16572867325005258,-0.1822144421486591,-0.17988473081180348,-0.1600124747408864,-0.17340783704571805,0.008848138002656854,13,-0.14790884580643213,-0.15237389291260708,-0.1472448566229117,-0.14996141117126055,-0.15446120487707932,-0.15039004227805813,0.002710803630281321
0.0019689559936523437,0.0008661473721688756,0.0065534114837646484,0.0018001192159033525,auto,50,manhattan,15,1,distance,"{'algorithm': 'auto', 'leaf_size': 50, 'metric': 'manhattan', 'n_neighbors': 15, 'p': 1, 'weights': 'distance'}",-0.1858269140729736,-0.17716155393242558,-0.18874529499349543,-0.1838794398527335,-0.17348471668535462,-0.18181958390739655,0.005646847447494821,58,-0.0007431414560306503,-0.0,-0.0009912494792199864,-0.0008830226112990477,-0.0003563348911102748,-0.0005947496875319918,0.0003668520918070933
0.001042938232421875,9.723971239664507e-06,0.010173320770263672,0.005763060403896242,auto,50,manhattan,15,2,uniform,"{'algorithm': 'auto', 'leaf_size': 50, 'metric': 'manhattan', 'n_neighbors': 15, 'p': 2, 'weights': 'uniform'}",-0.1791988642771887,-0.16572867325005258,-0.1822144421486591,-0.17988473081180348,-0.1600124747408864,-0.17340783704571805,0.008848138002656854,13,-0.14790884580643213,-0.15237389291260708,-0.1472448566229117,-0.14996141117126055,-0.15446120487707932,-0.15039004227805813,0.002710803630281321
0.0016654491424560546,0.0005057966537063112,0.0072215557098388675,0.0017592246327143546,auto,50,manhattan,15,2,distance,"{'algorithm': 'auto', 'leaf_size': 50, 'metric': 'manhattan', 'n_neighbors': 15, 'p': 2, 'weights': 'distance'}",-0.1858269140729736,-0.17716155393242558,-0.18874529499349543,-0.1838794398527335,-0.17348471668535462,-0.18181958390739655,0.005646847447494821,58,-0.0007431414560306503,-0.0,-0.0009912494792199864,-0.0008830226112990477,-0.0003563348911102748,-0.0005947496875319918,0.0003668520918070933
0.00124664306640625,0.0004071387283439742,0.00982975959777832,0.003161345544744686,auto,50,manhattan,25,1,uniform,"{'algorithm': 'auto', 'leaf_size': 50, 'metric': 'manhattan', 'n_neighbors': 25, 'p': 1, 'weights': 'uniform'}",-0.17437448146949913,-0.1702438979428855,-0.1817980577112672,-0.17818176256895482,-0.15260632084629383,-0.1714409041077801,0.010173396975343698,4,-0.15265327398417924,-0.15713034429552392,-0.153808235618321,-0.15492482035736474,-0.16115265837998027,-0.15593386652707383,0.0029988703146252766
0.001680612564086914,0.0004209360870312894,0.007036161422729492,0.0019017706513237754,auto,50,manhattan,25,1,distance,"{'algorithm': 'auto', 'leaf_size': 50, 'metric': 'manhattan', 'n_neighbors': 25, 'p': 1, 'weights': 'distance'}",-0.1803047326892375,-0.17645789994449868,-0.1847820223123341,-0.18039428779789102,-0.1632534413171807,-0.1770384768122284,0.007379114646580109,22,-0.0007431414560306503,-0.0,-0.0009912494792199864,-0.0008830226112990477,-0.0003563348911102748,-0.0005947496875319918,0.0003668520918070933
0.0018620014190673829,0.0010459761736908188,0.0070094108581542965,0.0018409556105161852,auto,50,manhattan,25,2,uniform,"{'algorithm': 'auto', 'leaf_size': 50, 'metric': 'manhattan', 'n_neighbors': 25, 'p': 2, 'weights': 'uniform'}",-0.17437448146949913,-0.1702438979428855,-0.1817980577112672,-0.17818176256895482,-0.15260632084629383,-0.1714409041077801,0.010173396975343698,4,-0.15265327398417924,-0.15713034429552392,-0.153808235618321,-0.15492482035736474,-0.16115265837998027,-0.15593386652707383,0.0029988703146252766
0.0021953582763671875,0.0008172632925189284,0.008009576797485351,0.0010994390275480264,auto,50,manhattan,25,2,distance,"{'algorithm': 'auto', 'leaf_size': 50, 'metric': 'manhattan', 'n_neighbors': 25, 'p': 2, 'weights': 'distance'}",-0.1803047326892375,-0.17645789994449868,-0.1847820223123341,-0.18039428779789102,-0.1632534413171807,-0.1770384768122284,0.007379114646580109,22,-0.0007431414560306503,-0.0,-0.0009912494792199864,-0.0008830226112990477,-0.0003563348911102748,-0.0005947496875319918,0.0003668520918070933
0.0024824619293212892,0.0023434778439813107,0.003620815277099609,0.001158139370722211,auto,50,minkowski,3,1,uniform,"{'algorithm': 'auto', 'leaf_size': 50, 'metric': 'minkowski', 'n_neighbors': 3, 'p': 1, 'weights': 'uniform'}",-0.20966673818517514,-0.22240972267242173,-0.23457874868682138,-0.22321534443527158,-0.2259911323001413,-0.22317233725596625,0.008012945327561754,151,-0.1095383569366283,-0.1128793491115082,-0.11022058444101611,-0.11317601907580502,-0.10838189988116363,-0.11083924188922425,0.0018834082691138844
0.0012796401977539062,0.00041489582776389023,0.004073333740234375,0.001826632839076516,auto,50,minkowski,3,1,distance,"{'algorithm': 'auto', 'leaf_size': 50, 'metric': 'minkowski', 'n_neighbors': 3, 'p': 1, 'weights': 'distance'}",-0.22092880393672365,-0.2311512560933367,-0.24009003709365428,-0.22630368328662395,-0.23730886027768083,-0.23115652813760387,0.0070116367033818995,169,-0.0007431414560306503,-0.0,-0.0009912494792199864,-0.0008830226112990477,-0.0003563348911102748,-0.0005947496875319918,0.0003668520918070933
0.0012654781341552735,0.0004685991204751418,0.002420949935913086,0.000544536977946306,auto,50,minkowski,3,2,uniform,"{'algorithm': 'auto', 'leaf_size': 50, 'metric': 'minkowski', 'n_neighbors': 3, 'p': 2, 'weights': 'uniform'}",-0.2145032906669422,-0.23064326211155303,-0.22111099030521686,-0.22139900264031648,-0.2307936739898092,-0.2236900439427676,0.006246689145679485,160,-0.1112495349700072,-0.11314534731977638,-0.11225104479087519,-0.11247780323051923,-0.11105555679795988,-0.11203585742182758,0.0007812658762112179
0.0014415264129638671,0.0005499169135310727,0.0037927150726318358,0.0011139264391160878,auto,50,minkowski,3,2,distance,"{'algorithm': 'auto', 'leaf_size': 50, 'metric': 'minkowski', 'n_neighbors': 3, 'p': 2, 'weights': 'distance'}",-0.22525484879311056,-0.23839672685730895,-0.23169849590967484,-0.22798785146797676,-0.2379809429893907,-0.23226377320349237,0.005254088263024472,178,-0.0007431414560306503,-0.0,-0.0009912494792199864,-0.0008830226112990477,-0.0003563348911102748,-0.0005947496875319918,0.0003668520918070933
0.0017002105712890625,0.0005601267777613155,0.004473209381103516,0.0010350053521804305,auto,50,minkowski,7,1,uniform,"{'algorithm': 'auto', 'leaf_size': 50, 'metric': 'minkowski', 'n_neighbors': 7, 'p': 1, 'weights': 'uniform'}",-0.18865736057140098,-0.17693344846532602,-0.1926459594485994,-0.18902315368904415,-0.1714854804593065,-0.1837490805267354,0.00809827441223017,73,-0.1361921227020605,-0.14027720496549384,-0.13554220363677746,-0.1401608277121199,-0.14114457854366258,-0.13866338751202284,0.0023174115476338607
0.002195405960083008,0.0008641781714898181,0.006522989273071289,0.001681647102713535,auto,50,minkowski,7,1,distance,"{'algorithm': 'auto', 'leaf_size': 50, 'metric': 'minkowski', 'n_neighbors': 7, 'p': 1, 'weights': 'distance'}",-0.19757981241136477,-0.1905693754761457,-0.20060856321039006,-0.195372777923018,-0.18934260912346812,-0.19469462762887732,0.004228962532789386,127,-0.0007431414560306503,-0.0,-0.0009912494792199864,-0.0008830226112990477,-0.0003563348911102748,-0.0005947496875319918,0.0003668520918070933
0.0023087501525878907,0.001140842647969254,0.004728174209594727,0.0014462533941864621,auto,50,minkowski,7,2,uniform,"{'algorithm': 'auto', 'leaf_size': 50, 'metric': 'minkowski', 'n_neighbors': 7, 'p': 2, 'weights': 'uniform'}",-0.1925473009700948,-0.184628383838753,-0.2000571452706864,-0.19604835628496087,-0.18670306259758346,-0.19199684979241569,0.005727207660450798,112,-0.1399502743809789,-0.14722444788429956,-0.13905490357261735,-0.14349396773438358,-0.14342555810031526,-0.14262983033451895,0.0029137792645623703
0.0024094581604003906,0.0016504857070996843,0.002982807159423828,0.0006262863064805097,auto,50,minkowski,7,2,distance,"{'algorithm': 'auto', 'leaf_size': 50, 'metric': 'minkowski', 'n_neighbors': 7, 'p': 2, 'weights': 'distance'}",-0.1983310741351926,-0.1947463624961926,-0.20678290918622866,-0.20152888330801508,-0.19759953576794057,-0.19979775297871388,0.00410582685955188,139,-0.0007431414560306503,-0.0,-0.0009912494792199864,-0.0008830226112990477,-0.0003563348911102748,-0.0005947496875319918,0.0003668520918070933
0.0015472888946533204,0.0007957023307424743,0.005242776870727539,0.0017060387133548268,auto,50,minkowski,9,1,uniform,"{'algorithm': 'auto', 'leaf_size': 50, 'metric': 'minkowski', 'n_neighbors': 9, 'p': 1, 'weights': 'uniform'}",-0.1852693293905803,-0.17710545177089745,-0.19246398179535504,-0.18611628867945385,-0.16798458332579205,-0.18178792699241572,0.008453293964913103,49,-0.13932522489209156,-0.14592748406246414,-0.13850747094594967,-0.1434113352977892,-0.1460326666358004,-0.14264083636681898,0.0031930619601027673
0.0016413688659667968,0.0004900279551866496,0.004217195510864258,0.0005950919213961346,auto,50,minkowski,9,1,distance,"{'algorithm': 'auto', 'leaf_size': 50, 'metric': 'minkowski', 'n_neighbors': 9, 'p': 1, 'weights': 'distance'}",-0.19279506454194692,-0.18827407248858427,-0.19848843734670663,-0.19195306256473374,-0.18442428667118288,-0.1911869847226309,0.004705383066348415,103,-0.0007431414560306503,-0.0,-0.0009912494792199864,-0.0008830226112990477,-0.0003563348911102748,-0.0005947496875319918,0.0003668520918070933
0.0014402389526367188,0.0004781791494797555,0.0028530120849609374,0.0003440159382815218,auto,50,minkowski,9,2,uniform,"{'algorithm': 'auto', 'leaf_size': 50, 'metric': 'minkowski', 'n_neighbors': 9, 'p': 2, 'weights': 'uniform'}",-0.1923626293456545,-0.17889724008983757,-0.19276259775569093,-0.18900486767776742,-0.1731018130374732,-0.18522582958128472,0.00786207016544611,88,-0.1451247927944917,-0.14993433816844473,-0.1448557862028445,-0.14895574334497735,-0.15061485851558512,-0.1478971038052687,0.002432798934983224
0.0018129825592041015,0.0004880704555138513,0.00463557243347168,0.001418788743799171,auto,50,minkowski,9,2,distance,"{'algorithm': 'auto', 'leaf_size': 50, 'metric': 'minkowski', 'n_neighbors': 9, 'p': 2, 'weights': 'distance'}",-0.19633686558083233,-0.19051722860402281,-0.19897712454984118,-0.19453930831607016,-0.1865393737612198,-0.19338198016239724,0.0043910012721554295,124,-0.0007431414560306503,-0.0,-0.0009912494792199864,-0.0008830226112990477,-0.0003563348911102748,-0.0005947496875319918,0.0003668520918070933
0.0017303943634033204,0.0009279736915840033,0.006724786758422851,0.003688143370078724,auto,50,minkowski,15,1,uniform,"{'algorithm': 'auto', 'leaf_size': 50, 'metric': 'minkowski', 'n_neighbors': 15, 'p': 1, 'weights': 'uniform'}",-0.1791988642771887,-0.16572867325005258,-0.1822144421486591,-0.17988473081180348,-0.1600124747408864,-0.17340783704571805,0.008848138002656854,13,-0.14790884580643213,-0.15237389291260708,-0.1472448566229117,-0.14996141117126055,-0.15446120487707932,-0.15039004227805813,0.002710803630281321
0.001662874221801758,0.0007329952924650364,0.006687593460083008,0.0015940392574868287,auto,50,minkowski,15,1,distance,"{'algorithm': 'auto', 'leaf_size': 50, 'metric': 'minkowski', 'n_neighbors': 15, 'p': 1, 'weights': 'distance'}",-0.1858269140729736,-0.17716155393242558,-0.18874529499349543,-0.1838794398527335,-0.17348471668535462,-0.18181958390739655,0.005646847447494821,58,-0.0007431414560306503,-0.0,-0.0009912494792199864,-0.0008830226112990477,-0.0003563348911102748,-0.0005947496875319918,0.0003668520918070933
0.002019453048706055,0.0004401806049759116,0.006070947647094727,0.00250052398527577,auto,50,minkowski,15,2,uniform,"{'algorithm': 'auto', 'leaf_size': 50, 'metric': 'minkowski', 'n_neighbors': 15, 'p': 2, 'weights': 'uniform'}",-0.18528042608786421,-0.17557781148061097,-0.19472075739025418,-0.18219642110288226,-0.16070353400598714,-0.17969579001351974,0.011321258729072895,37,-0.15378139038667296,-0.15746830631482045,-0.15341275508443664,-0.15601741775267722,-0.16278538945375162,-0.15669305179847176,0.0033885748551261037
0.0015352249145507812,0.0005781021260888603,0.006290340423583984,0.001832363129311336,auto,50,minkowski,15,2,distance,"{'algorithm': 'auto', 'leaf_size': 50, 'metric': 'minkowski', 'n_neighbors': 15, 'p': 2, 'weights': 'distance'}",-0.18921200479030914,-0.18431757859649964,-0.19705625782052708,-0.18571827008036454,-0.1736289544449646,-0.185986613146533,0.0075961779518260554,91,-0.0007431414560306503,-0.0,-0.0009912494792199864,-0.0008830226112990477,-0.0003563348911102748,-0.0005947496875319918,0.0003668520918070933
0.002149009704589844,0.0005934912768557601,0.0107635498046875,0.003650498780650919,auto,50,minkowski,25,1,uniform,"{'algorithm': 'auto', 'leaf_size': 50, 'metric': 'minkowski', 'n_neighbors': 25, 'p': 1, 'weights': 'uniform'}",-0.17437448146949913,-0.1702438979428855,-0.1817980577112672,-0.17818176256895482,-0.15260632084629383,-0.1714409041077801,0.010173396975343698,4,-0.15265327398417924,-0.15713034429552392,-0.153808235618321,-0.15492482035736474,-0.16115265837998027,-0.15593386652707383,0.0029988703146252766
0.001970529556274414,0.0004516303680478345,0.009714841842651367,0.003229689840175243,auto,50,minkowski,25,1,distance,"{'algorithm': 'auto', 'leaf_size': 50, 'metric': 'minkowski', 'n_neighbors': 25, 'p': 1, 'weights': 'distance'}",-0.1803047326892375,-0.17645789994449868,-0.1847820223123341,-0.18039428779789102,-0.1632534413171807,-0.1770384768122284,0.007379114646580109,22,-0.0007431414560306503,-0.0,-0.0009912494792199864,-0.0008830226112990477,-0.0003563348911102748,-0.0005947496875319918,0.0003668520918070933
0.003720998764038086,0.00262740315179136,0.008490419387817383,0.0033477119816416228,auto,50,minkowski,25,2,uniform,"{'algorithm': 'auto', 'leaf_size': 50, 'metric': 'minkowski', 'n_neighbors': 25, 'p': 2, 'weights': 'uniform'}",-0.18549526367365524,-0.17878148486070022,-0.19041118907126275,-0.18499458595957102,-0.15784486844253462,-0.17950547840154477,0.011442452054037433,28,-0.16248090752218103,-0.16591085453446056,-0.1622179154765086,-0.16327132732426838,-0.17062695240878947,-0.1649015914532416,0.0031469972548710335
0.0015034675598144531,0.00047941329774536573,0.007438278198242188,0.0018443457123626073,auto,50,minkowski,25,2,distance,"{'algorithm': 'auto', 'leaf_size': 50, 'metric': 'minkowski', 'n_neighbors': 25, 'p': 2, 'weights': 'distance'}",-0.18731793218909837,-0.18445370565681604,-0.19274255980939703,-0.18529545799735694,-0.16655125128820839,-0.18327218138817533,0.008844606472047696,64,-0.0007431414560306503,-0.0,-0.0009912494792199864,-0.0008830226112990477,-0.0003563348911102748,-0.0005947496875319918,0.0003668520918070933
